-- MySQL dump 10.13  Distrib 8.0.13, for macos10.14 (x86_64)
--
-- Host: localhost    Database: submissionchecker
-- ------------------------------------------------------
-- Server version	8.0.13

/*!40101 SET @OLD_CHARACTER_SET_CLIENT=@@CHARACTER_SET_CLIENT */;
/*!40101 SET @OLD_CHARACTER_SET_RESULTS=@@CHARACTER_SET_RESULTS */;
/*!40101 SET @OLD_COLLATION_CONNECTION=@@COLLATION_CONNECTION */;
 SET NAMES utf8 ;
/*!40103 SET @OLD_TIME_ZONE=@@TIME_ZONE */;
/*!40103 SET TIME_ZONE='+00:00' */;
/*!40014 SET @OLD_UNIQUE_CHECKS=@@UNIQUE_CHECKS, UNIQUE_CHECKS=0 */;
/*!40014 SET @OLD_FOREIGN_KEY_CHECKS=@@FOREIGN_KEY_CHECKS, FOREIGN_KEY_CHECKS=0 */;
/*!40101 SET @OLD_SQL_MODE=@@SQL_MODE, SQL_MODE='NO_AUTO_VALUE_ON_ZERO' */;
/*!40111 SET @OLD_SQL_NOTES=@@SQL_NOTES, SQL_NOTES=0 */;

--
-- Table structure for table `course`
--

DROP TABLE IF EXISTS `course`;
/*!40101 SET @saved_cs_client     = @@character_set_client */;
 SET character_set_client = utf8mb4 ;
CREATE TABLE `course` (
  `course_id` int(11) NOT NULL AUTO_INCREMENT,
  `course_name` varchar(100) DEFAULT NULL,
  `course_description` text,
  `creator` int(11) NOT NULL,
  `standard_task_typ` varchar(200) DEFAULT NULL,
  `course_modul_id` varchar(255) DEFAULT NULL,
  `course_semester` varchar(255) DEFAULT NULL,
  `course_end_date` date DEFAULT NULL,
  `personalised_submission` tinyint(1) DEFAULT '0',
  PRIMARY KEY (`course_id`),
  UNIQUE KEY `courses_courseid_uindex` (`course_id`),
  KEY `courses_users_userid_fk` (`creator`),
  CONSTRAINT `courses_users_userid_fk` FOREIGN KEY (`creator`) REFERENCES `user` (`user_id`) ON DELETE CASCADE ON UPDATE CASCADE
) ENGINE=InnoDB AUTO_INCREMENT=94 DEFAULT CHARSET=utf8mb4 COLLATE=utf8mb4_0900_ai_ci;
/*!40101 SET character_set_client = @saved_cs_client */;

--
-- Dumping data for table `course`
--

LOCK TABLES `course` WRITE;
/*!40000 ALTER TABLE `course` DISABLE KEYS */;
INSERT INTO `course` VALUES (1,'Admin Kurse','Der Kurs gehört dem Admin',1,NULL,NULL,NULL,'2019-01-01',0),(2,'Compilerbau','Compielerbau SS18',1,NULL,NULL,NULL,'2019-01-10',0),(4,'course no 42','another dummy entry',54,'SQL',NULL,NULL,NULL,0),(5,'course no 42','another dummy entry',54,'SQL',NULL,NULL,NULL,0),(6,'course no 8 nach Update','yet another update',54,'FILE','CS3030','SS19','2019-05-05',0),(7,'course no 42','another dummy entry',54,'SQL',NULL,NULL,NULL,0),(8,'course no 42','another dummy entry',54,'SQL',NULL,NULL,NULL,0),(9,'course no 42','another dummy entry',54,'SQL',NULL,NULL,NULL,0),(10,'course no 42','another dummy entry',54,'SQL',NULL,NULL,NULL,0),(11,'COURSE11','another dummy entry',54,'SQL',NULL,NULL,NULL,0),(65,'course no 42','another dummy entry',55,'SQL','CS2020','WS18/19',NULL,0),(66,'course no 42','another dummy entry',55,'SQL','CS2020','WS18/19',NULL,1),(67,'course no 42','another dummy entry',55,'SQL','CS2020','WS18/19',NULL,0),(78,'Compilerbau 2','blabl',55,'Java','CC1212','SS19',NULL,0),(80,'Kurse 20190110_103555_UNITTEST','Created by Python with pleassure',1,'FILE','CS1234','SS19','2019-01-10',1),(81,'Kurse 20190110_103625_UNITTEST','Created by Python with pleassure',1,'FILE','CS1234','SS19','2019-01-10',1);
/*!40000 ALTER TABLE `course` ENABLE KEYS */;
UNLOCK TABLES;

--
-- Table structure for table `login_log`
--

DROP TABLE IF EXISTS `login_log`;
/*!40101 SET @saved_cs_client     = @@character_set_client */;
 SET character_set_client = utf8mb4 ;
CREATE TABLE `login_log` (
  `login_timestamp` timestamp NOT NULL DEFAULT CURRENT_TIMESTAMP,
  `user_id` int(11) DEFAULT NULL,
  KEY `login_log_user_user_id_fk` (`user_id`),
  CONSTRAINT `login_log_user_user_id_fk` FOREIGN KEY (`user_id`) REFERENCES `user` (`user_id`) ON DELETE CASCADE ON UPDATE CASCADE
) ENGINE=InnoDB DEFAULT CHARSET=utf8mb4 COLLATE=utf8mb4_0900_ai_ci;
/*!40101 SET character_set_client = @saved_cs_client */;

--
-- Dumping data for table `login_log`
--

LOCK TABLES `login_log` WRITE;
/*!40000 ALTER TABLE `login_log` DISABLE KEYS */;
INSERT INTO `login_log` VALUES ('2018-12-04 16:49:00',54),('2018-12-04 16:49:03',1),('2018-12-04 16:49:06',2),('2018-12-04 16:49:09',58),('2018-12-04 16:49:17',1),('2018-12-07 13:53:07',1),('2018-12-07 13:53:07',54),('2018-12-07 13:53:07',55),('2018-12-07 13:53:08',1),('2018-12-07 13:53:08',54),('2018-12-07 13:53:08',55),('2018-12-07 13:53:08',1),('2018-12-07 13:53:08',54),('2018-12-07 13:53:08',55),('2018-12-07 13:53:32',1),('2018-12-07 13:53:32',54),('2018-12-07 13:53:32',55),('2018-12-07 13:53:33',1),('2018-12-07 13:53:33',54),('2018-12-07 13:53:33',55),('2018-12-07 13:53:33',1),('2018-12-07 13:53:33',54),('2018-12-07 13:53:33',55),('2018-12-07 13:53:57',1),('2018-12-07 13:53:57',54),('2018-12-07 13:53:57',55),('2018-12-07 13:53:57',1),('2018-12-07 13:53:57',54),('2018-12-07 13:53:57',55),('2018-12-07 13:53:58',1),('2018-12-07 13:53:58',54),('2018-12-07 13:53:58',55),('2018-12-07 13:54:46',1),('2018-12-07 13:54:46',54),('2018-12-07 13:54:46',55),('2018-12-07 13:55:22',1),('2018-12-07 13:55:22',54),('2018-12-07 13:55:22',55),('2018-12-07 13:56:49',1),('2018-12-07 13:56:49',54),('2018-12-07 13:56:49',55),('2018-12-07 13:58:43',1),('2018-12-07 13:58:43',54),('2018-12-07 13:58:43',55),('2018-12-07 13:59:17',1),('2018-12-07 13:59:18',54),('2018-12-07 13:59:18',55),('2018-12-07 14:00:02',1),('2018-12-07 14:00:02',54),('2018-12-07 14:00:02',55),('2018-12-07 14:04:01',1),('2018-12-07 14:04:01',54),('2018-12-07 14:04:01',55),('2018-12-07 14:04:15',1),('2018-12-07 14:04:15',54),('2018-12-07 14:04:15',55),('2018-12-07 14:04:27',1),('2018-12-07 14:04:27',54),('2018-12-07 14:04:27',55),('2018-12-07 14:05:51',1),('2018-12-07 14:05:51',54),('2018-12-07 14:05:51',55),('2018-12-07 14:10:04',1),('2018-12-07 14:10:05',54),('2018-12-07 14:10:05',55),('2018-12-07 14:11:09',1),('2018-12-07 14:11:10',54),('2018-12-07 14:11:10',55),('2018-12-07 14:11:23',1),('2018-12-07 14:11:23',54),('2018-12-07 14:11:23',55),('2018-12-07 14:11:54',1),('2018-12-07 14:11:54',54),('2018-12-07 14:11:54',55),('2018-12-07 14:12:32',1),('2018-12-07 14:12:32',54),('2018-12-07 14:12:32',55),('2018-12-07 14:13:05',1),('2018-12-07 14:13:05',54),('2018-12-07 14:13:05',55),('2018-12-07 14:13:20',1),('2018-12-07 14:13:20',54),('2018-12-07 14:13:20',55),('2018-12-07 14:14:24',1),('2018-12-07 14:14:24',54),('2018-12-07 14:14:24',55),('2018-12-07 14:14:32',1),('2018-12-07 14:14:32',54),('2018-12-07 14:14:32',55),('2018-12-07 14:17:03',1),('2018-12-07 14:17:03',54),('2018-12-07 14:17:03',55),('2018-12-07 14:21:08',1),('2018-12-07 14:21:09',54),('2018-12-07 14:21:09',55),('2018-12-07 14:21:36',1),('2018-12-07 14:21:36',54),('2018-12-07 14:21:36',55),('2018-12-07 14:21:55',1),('2018-12-07 14:21:55',54),('2018-12-07 14:21:55',55),('2018-12-07 14:22:14',1),('2018-12-07 14:22:15',54),('2018-12-07 14:22:15',55),('2018-12-07 14:24:17',1),('2018-12-07 14:24:17',54),('2018-12-07 14:24:17',55),('2018-12-07 14:24:23',1),('2018-12-07 14:24:24',54),('2018-12-07 14:24:24',55),('2018-12-07 14:25:11',1),('2018-12-07 14:25:11',54),('2018-12-07 14:25:11',55),('2018-12-07 14:25:17',1),('2018-12-07 14:25:18',54),('2018-12-07 14:25:18',55),('2018-12-07 14:27:50',1),('2018-12-07 14:27:50',54),('2018-12-07 14:27:50',55),('2018-12-07 14:28:03',1),('2018-12-07 14:28:03',54),('2018-12-07 14:28:03',55),('2018-12-07 14:29:25',1),('2018-12-07 14:29:25',54),('2018-12-07 14:29:25',55),('2018-12-07 14:30:39',1),('2018-12-07 14:30:39',54),('2018-12-07 14:30:39',55),('2018-12-07 14:30:55',1),('2018-12-07 14:30:55',54),('2018-12-07 14:30:55',55),('2018-12-07 14:31:19',1),('2018-12-07 14:31:19',54),('2018-12-07 14:31:20',55),('2018-12-07 14:31:55',1),('2018-12-07 14:31:55',54),('2018-12-07 14:31:55',55),('2018-12-07 14:32:19',1),('2018-12-07 14:32:19',54),('2018-12-07 14:32:19',55),('2018-12-07 14:32:23',1),('2018-12-07 14:32:23',54),('2018-12-07 14:32:23',55),('2018-12-07 14:32:37',1),('2018-12-07 14:32:38',54),('2018-12-07 14:32:38',55),('2018-12-07 14:32:45',1),('2018-12-07 14:32:45',54),('2018-12-07 14:32:45',55),('2018-12-07 14:33:54',1),('2018-12-07 14:33:54',54),('2018-12-07 14:33:54',55),('2018-12-07 14:35:09',1),('2018-12-07 14:35:09',54),('2018-12-07 14:35:09',55),('2018-12-07 14:35:16',1),('2018-12-07 14:35:16',54),('2018-12-07 14:35:16',55),('2018-12-07 14:36:03',1),('2018-12-07 14:36:03',54),('2018-12-07 14:36:03',55),('2018-12-07 14:36:14',1),('2018-12-07 14:36:14',54),('2018-12-07 14:36:14',55),('2018-12-07 14:37:05',1),('2018-12-07 14:37:05',54),('2018-12-07 14:37:06',55),('2018-12-07 14:37:19',1),('2018-12-07 14:37:19',54),('2018-12-07 14:37:19',55),('2018-12-07 14:49:32',1),('2018-12-07 14:49:33',54),('2018-12-07 14:49:33',55),('2018-12-07 14:49:44',1),('2018-12-07 14:49:44',54),('2018-12-07 14:49:44',55),('2018-12-07 14:49:58',1),('2018-12-07 14:49:59',54),('2018-12-07 14:49:59',55),('2018-12-07 14:51:38',1),('2018-12-07 14:51:38',54),('2018-12-07 14:51:38',55),('2018-12-07 14:52:36',1),('2018-12-07 14:52:36',54),('2018-12-07 14:52:36',55),('2018-12-07 14:52:58',1),('2018-12-07 14:52:58',54),('2018-12-07 14:52:58',55),('2018-12-07 14:53:31',1),('2018-12-07 14:53:31',54),('2018-12-07 14:53:31',55),('2018-12-07 14:54:59',1),('2018-12-07 14:54:59',54),('2018-12-07 14:54:59',55),('2018-12-07 14:57:23',1),('2018-12-07 14:57:23',54),('2018-12-07 14:57:23',55),('2018-12-07 14:59:31',1),('2018-12-07 14:59:31',54),('2018-12-07 14:59:31',55),('2018-12-07 15:00:47',1),('2018-12-07 15:00:48',54),('2018-12-07 15:00:48',55),('2018-12-07 15:02:58',1),('2018-12-07 15:02:58',54),('2018-12-07 15:02:58',55),('2018-12-07 15:04:46',1),('2018-12-07 15:04:47',54),('2018-12-07 15:04:47',55),('2018-12-07 15:06:18',1),('2018-12-07 15:06:18',54),('2018-12-07 15:06:18',55),('2018-12-07 15:06:27',1),('2018-12-07 15:06:27',54),('2018-12-07 15:06:27',55),('2018-12-07 15:09:13',1),('2018-12-07 15:09:14',54),('2018-12-07 15:09:14',55),('2018-12-07 15:09:25',1),('2018-12-07 15:09:25',54),('2018-12-07 15:09:25',55),('2018-12-07 15:11:59',1),('2018-12-07 15:11:59',54),('2018-12-07 15:11:59',55),('2018-12-07 15:12:28',1),('2018-12-07 15:12:28',54),('2018-12-07 15:12:28',55),('2018-12-07 15:13:04',1),('2018-12-07 15:13:04',54),('2018-12-07 15:13:04',55),('2018-12-07 15:15:15',1),('2018-12-07 15:15:15',54),('2018-12-07 15:15:15',55),('2018-12-07 15:15:27',1),('2018-12-07 15:15:27',54),('2018-12-07 15:15:27',55),('2018-12-07 15:16:30',1),('2018-12-07 15:16:31',54),('2018-12-07 15:16:31',55),('2018-12-07 15:16:38',1),('2018-12-07 15:16:38',54),('2018-12-07 15:16:38',55),('2018-12-07 15:17:49',1),('2018-12-07 15:17:49',54),('2018-12-07 15:17:49',55),('2018-12-07 15:18:16',1),('2018-12-07 15:18:17',54),('2018-12-07 15:18:17',55),('2018-12-07 15:20:23',1),('2018-12-07 15:20:23',54),('2018-12-07 15:20:23',55),('2018-12-07 15:38:29',1),('2018-12-07 15:38:29',54),('2018-12-07 15:38:29',55),('2018-12-07 15:40:08',1),('2018-12-07 15:40:08',54),('2018-12-07 15:40:08',55),('2018-12-07 15:41:02',1),('2018-12-07 15:41:02',54),('2018-12-07 15:41:02',55),('2018-12-07 15:42:03',1),('2018-12-07 15:42:03',54),('2018-12-07 15:42:03',55),('2018-12-07 15:42:12',1),('2018-12-07 15:42:12',54),('2018-12-07 15:42:12',55),('2018-12-07 15:42:26',1),('2018-12-07 15:42:27',54),('2018-12-07 15:42:27',55),('2018-12-07 15:42:35',1),('2018-12-07 15:42:35',54),('2018-12-07 15:42:35',55),('2018-12-07 15:56:48',1),('2018-12-07 15:56:48',54),('2018-12-07 15:56:48',55),('2018-12-07 15:57:57',1),('2018-12-07 15:57:57',54),('2018-12-07 15:57:57',55),('2018-12-07 15:58:12',1),('2018-12-07 15:58:12',54),('2018-12-07 15:58:12',55),('2018-12-07 15:58:24',1),('2018-12-07 15:58:24',54),('2018-12-07 15:58:24',55),('2018-12-07 15:59:37',1),('2018-12-07 15:59:37',54),('2018-12-07 15:59:38',55),('2018-12-07 16:00:07',1),('2018-12-07 16:00:07',54),('2018-12-07 16:00:07',55),('2018-12-07 16:01:01',1),('2018-12-07 16:01:01',54),('2018-12-07 16:01:01',55),('2018-12-07 16:02:57',1),('2018-12-07 16:02:58',54),('2018-12-07 16:02:58',55),('2018-12-07 16:03:56',1),('2018-12-07 16:03:56',54),('2018-12-07 16:03:56',55),('2018-12-07 16:06:19',1),('2018-12-07 16:06:19',54),('2018-12-07 16:06:19',55),('2018-12-07 16:06:25',1),('2018-12-07 16:06:25',54),('2018-12-07 16:06:25',55),('2018-12-07 16:08:06',1),('2018-12-07 16:08:06',54),('2018-12-07 16:08:06',55),('2018-12-07 16:09:23',1),('2018-12-07 16:09:23',54),('2018-12-07 16:09:23',55),('2018-12-07 16:09:33',1),('2018-12-07 16:09:33',54),('2018-12-07 16:09:33',55),('2018-12-07 16:10:24',1),('2018-12-07 16:10:24',54),('2018-12-07 16:10:24',55),('2018-12-07 16:12:53',1),('2018-12-07 16:12:53',54),('2018-12-07 16:12:54',55),('2018-12-07 16:13:30',1),('2018-12-07 16:13:30',54),('2018-12-07 16:13:30',55),('2018-12-07 16:14:18',1),('2018-12-07 16:14:19',54),('2018-12-07 16:14:19',55),('2018-12-07 16:14:31',1),('2018-12-07 16:14:31',54),('2018-12-07 16:14:31',55),('2018-12-07 16:16:00',1),('2018-12-07 16:16:00',54),('2018-12-07 16:16:00',55),('2018-12-07 16:20:27',1),('2018-12-07 16:20:27',54),('2018-12-07 16:20:27',55),('2018-12-07 16:21:39',1),('2018-12-07 16:21:39',54),('2018-12-07 16:21:39',55),('2018-12-07 16:24:00',1),('2018-12-07 16:24:00',54),('2018-12-07 16:24:00',55),('2018-12-07 16:24:31',1),('2018-12-07 16:24:31',54),('2018-12-07 16:24:31',55),('2018-12-07 16:24:54',1),('2018-12-07 16:24:54',54),('2018-12-07 16:24:54',55),('2018-12-07 16:25:10',1),('2018-12-07 16:25:10',54),('2018-12-07 16:25:10',55),('2018-12-07 16:38:05',1),('2018-12-07 16:38:05',54),('2018-12-07 16:38:05',55),('2018-12-07 16:41:56',1),('2018-12-07 16:41:56',54),('2018-12-07 16:41:56',55),('2018-12-07 16:42:08',1),('2018-12-07 16:42:08',54),('2018-12-07 16:42:08',55),('2018-12-07 16:58:15',1),('2018-12-07 16:58:16',54),('2018-12-07 16:58:16',55),('2018-12-07 16:59:03',1),('2018-12-07 16:59:03',54),('2018-12-07 16:59:03',55),('2018-12-07 16:59:28',1),('2018-12-07 16:59:28',54),('2018-12-07 16:59:28',55),('2018-12-07 16:59:47',1),('2018-12-07 16:59:47',54),('2018-12-07 16:59:48',55),('2018-12-07 17:00:12',1),('2018-12-07 17:00:12',54),('2018-12-07 17:00:12',55),('2018-12-07 17:01:33',1),('2018-12-07 17:01:33',54),('2018-12-07 17:01:33',55),('2018-12-07 17:03:12',1),('2018-12-07 17:03:12',54),('2018-12-07 17:03:13',55),('2018-12-07 17:03:23',1),('2018-12-07 17:03:23',54),('2018-12-07 17:03:23',55),('2018-12-07 17:03:30',1),('2018-12-07 17:03:30',54),('2018-12-07 17:03:30',55),('2018-12-07 17:03:38',1),('2018-12-07 17:03:38',54),('2018-12-07 17:03:38',55),('2018-12-07 17:04:55',1),('2018-12-07 17:04:55',54),('2018-12-07 17:04:55',55),('2018-12-07 17:04:59',1),('2018-12-07 17:04:59',54),('2018-12-07 17:04:59',55),('2018-12-07 17:05:14',1),('2018-12-07 17:05:15',54),('2018-12-07 17:05:15',55),('2018-12-07 17:05:36',1),('2018-12-07 17:05:36',54),('2018-12-07 17:05:36',55),('2018-12-07 17:05:57',1),('2018-12-07 17:05:58',54),('2018-12-07 17:05:58',55),('2018-12-07 17:05:58',1),('2018-12-07 17:05:58',54),('2018-12-07 17:05:58',55),('2018-12-07 17:05:58',1),('2018-12-07 17:05:58',54),('2018-12-07 17:05:58',55),('2018-12-07 17:05:58',1),('2018-12-07 17:05:59',54),('2018-12-07 17:05:59',55),('2018-12-07 17:05:59',1),('2018-12-07 17:05:59',54),('2018-12-07 17:05:59',55),('2018-12-07 17:05:59',1),('2018-12-07 17:05:59',54),('2018-12-07 17:05:59',55),('2018-12-07 17:06:00',1),('2018-12-07 17:06:00',54),('2018-12-07 17:06:00',55),('2018-12-07 17:06:00',1),('2018-12-07 17:06:00',54),('2018-12-07 17:06:00',55),('2018-12-07 17:06:00',1),('2018-12-07 17:06:00',54),('2018-12-07 17:06:00',55),('2018-12-07 17:06:01',1),('2018-12-07 17:06:01',54),('2018-12-07 17:06:01',55),('2018-12-07 17:06:01',1),('2018-12-07 17:06:01',54),('2018-12-07 17:06:01',55),('2018-12-07 17:06:01',1),('2018-12-07 17:06:01',54),('2018-12-07 17:06:01',55),('2018-12-07 17:06:50',1),('2018-12-07 17:06:50',54),('2018-12-07 17:06:50',55),('2018-12-07 17:06:50',1),('2018-12-07 17:06:50',54),('2018-12-07 17:06:50',55),('2018-12-07 17:06:51',1),('2018-12-07 17:06:51',54),('2018-12-07 17:06:51',55),('2018-12-07 17:06:51',1),('2018-12-07 17:06:51',54),('2018-12-07 17:06:51',55),('2018-12-07 17:06:51',1),('2018-12-07 17:06:51',54),('2018-12-07 17:06:51',55),('2018-12-07 17:06:51',1),('2018-12-07 17:06:51',54),('2018-12-07 17:06:51',55),('2018-12-07 17:06:52',1),('2018-12-07 17:06:52',54),('2018-12-07 17:06:52',55),('2018-12-07 17:06:52',1),('2018-12-07 17:06:52',54),('2018-12-07 17:06:52',55),('2018-12-07 17:06:53',1),('2018-12-07 17:06:53',54),('2018-12-07 17:06:53',55),('2018-12-07 17:06:53',1),('2018-12-07 17:06:53',54),('2018-12-07 17:06:53',55),('2018-12-07 17:06:53',1),('2018-12-07 17:06:53',54),('2018-12-07 17:06:53',55),('2018-12-07 17:06:54',1),('2018-12-07 17:06:54',54),('2018-12-07 17:06:54',55),('2018-12-07 17:07:23',1),('2018-12-07 17:07:24',54),('2018-12-07 17:07:24',55),('2018-12-07 17:07:24',1),('2018-12-07 17:07:24',54),('2018-12-07 17:07:24',55),('2018-12-07 17:07:24',1),('2018-12-07 17:07:24',54),('2018-12-07 17:07:24',55),('2018-12-07 17:07:24',1),('2018-12-07 17:07:24',54),('2018-12-07 17:07:24',55),('2018-12-07 17:07:25',1),('2018-12-07 17:07:25',54),('2018-12-07 17:07:25',55),('2018-12-07 17:07:25',1),('2018-12-07 17:07:25',54),('2018-12-07 17:07:25',55),('2018-12-07 17:07:25',1),('2018-12-07 17:07:25',54),('2018-12-07 17:07:25',55),('2018-12-07 17:07:26',1),('2018-12-07 17:07:26',54),('2018-12-07 17:07:26',55),('2018-12-07 17:07:26',1),('2018-12-07 17:07:26',54),('2018-12-07 17:07:26',55),('2018-12-07 17:07:26',1),('2018-12-07 17:07:26',54),('2018-12-07 17:07:26',55),('2018-12-07 17:07:27',1),('2018-12-07 17:07:27',54),('2018-12-07 17:07:27',55),('2018-12-07 17:07:27',1),('2018-12-07 17:07:27',54),('2018-12-07 17:07:27',55),('2018-12-07 17:09:20',1),('2018-12-07 17:09:20',54),('2018-12-07 17:09:20',55),('2018-12-07 17:09:20',1),('2018-12-07 17:09:20',54),('2018-12-07 17:09:20',55),('2018-12-07 17:09:20',1),('2018-12-07 17:09:20',54),('2018-12-07 17:09:21',55),('2018-12-07 17:09:21',1),('2018-12-07 17:09:21',54),('2018-12-07 17:09:21',55),('2018-12-07 17:09:21',1),('2018-12-07 17:09:21',54),('2018-12-07 17:09:21',55),('2018-12-07 17:09:21',1),('2018-12-07 17:09:21',54),('2018-12-07 17:09:21',55),('2018-12-07 17:09:22',1),('2018-12-07 17:09:22',54),('2018-12-07 17:09:22',55),('2018-12-07 17:09:22',1),('2018-12-07 17:09:22',54),('2018-12-07 17:09:22',55),('2018-12-07 17:09:22',1),('2018-12-07 17:09:22',54),('2018-12-07 17:09:22',55),('2018-12-07 17:09:22',1),('2018-12-07 17:09:23',54),('2018-12-07 17:09:23',55),('2018-12-07 17:09:23',1),('2018-12-07 17:09:23',54),('2018-12-07 17:09:23',55),('2018-12-07 17:09:23',1),('2018-12-07 17:09:23',54),('2018-12-07 17:09:23',55),('2018-12-07 17:10:18',1),('2018-12-07 17:10:18',54),('2018-12-07 17:10:19',55),('2018-12-07 17:10:19',1),('2018-12-07 17:10:19',54),('2018-12-07 17:10:19',55),('2018-12-07 17:10:19',1),('2018-12-07 17:10:19',54),('2018-12-07 17:10:19',55),('2018-12-07 17:10:19',1),('2018-12-07 17:10:19',54),('2018-12-07 17:10:19',55),('2018-12-07 17:10:19',1),('2018-12-07 17:10:19',54),('2018-12-07 17:10:19',55),('2018-12-07 17:10:20',1),('2018-12-07 17:10:20',54),('2018-12-07 17:10:20',55),('2018-12-07 17:10:20',1),('2018-12-07 17:10:20',54),('2018-12-07 17:10:20',55),('2018-12-07 17:10:20',1),('2018-12-07 17:10:21',54),('2018-12-07 17:10:21',55),('2018-12-07 17:10:21',1),('2018-12-07 17:10:21',54),('2018-12-07 17:10:21',55),('2018-12-07 17:10:21',1),('2018-12-07 17:10:21',54),('2018-12-07 17:10:21',55),('2018-12-07 17:10:21',1),('2018-12-07 17:10:21',54),('2018-12-07 17:10:22',55),('2018-12-07 17:10:22',1),('2018-12-07 17:10:22',54),('2018-12-07 17:10:22',55),('2018-12-07 17:10:33',1),('2018-12-07 17:10:33',54),('2018-12-07 17:10:33',55),('2018-12-07 17:10:33',1),('2018-12-07 17:10:33',54),('2018-12-07 17:10:33',55),('2018-12-07 17:10:34',1),('2018-12-07 17:10:34',54),('2018-12-07 17:10:34',55),('2018-12-07 17:10:34',1),('2018-12-07 17:10:34',54),('2018-12-07 17:10:34',55),('2018-12-07 17:10:34',1),('2018-12-07 17:10:34',54),('2018-12-07 17:10:34',55),('2018-12-07 17:10:34',1),('2018-12-07 17:10:34',54),('2018-12-07 17:10:34',55),('2018-12-07 17:10:35',1),('2018-12-07 17:10:35',54),('2018-12-07 17:10:35',55),('2018-12-07 17:10:35',1),('2018-12-07 17:10:35',54),('2018-12-07 17:10:35',55),('2018-12-07 17:10:35',1),('2018-12-07 17:10:35',54),('2018-12-07 17:10:36',55),('2018-12-07 17:10:36',1),('2018-12-07 17:10:36',54),('2018-12-07 17:10:36',55),('2018-12-07 17:10:36',1),('2018-12-07 17:10:36',54),('2018-12-07 17:10:36',55),('2018-12-07 17:10:36',1),('2018-12-07 17:10:36',54),('2018-12-07 17:10:36',55),('2018-12-07 17:10:51',1),('2018-12-07 17:10:52',54),('2018-12-07 17:10:52',55),('2018-12-07 17:10:52',1),('2018-12-07 17:10:52',54),('2018-12-07 17:10:52',55),('2018-12-07 17:10:52',1),('2018-12-07 17:10:52',54),('2018-12-07 17:10:52',55),('2018-12-07 17:10:52',1),('2018-12-07 17:10:52',54),('2018-12-07 17:10:52',55),('2018-12-07 17:10:53',1),('2018-12-07 17:10:53',54),('2018-12-07 17:10:53',55),('2018-12-07 17:10:53',1),('2018-12-07 17:10:53',54),('2018-12-07 17:10:53',55),('2018-12-07 17:10:53',1),('2018-12-07 17:10:53',54),('2018-12-07 17:10:53',55),('2018-12-07 17:10:54',1),('2018-12-07 17:10:54',54),('2018-12-07 17:10:54',55),('2018-12-07 17:10:54',1),('2018-12-07 17:10:54',54),('2018-12-07 17:10:54',55),('2018-12-07 17:10:54',1),('2018-12-07 17:10:54',54),('2018-12-07 17:10:54',55),('2018-12-07 17:10:54',1),('2018-12-07 17:10:55',54),('2018-12-07 17:10:55',55),('2018-12-07 17:10:55',1),('2018-12-07 17:10:55',54),('2018-12-07 17:10:55',55),('2018-12-07 17:12:05',1),('2018-12-07 17:12:05',54),('2018-12-07 17:12:05',55),('2018-12-07 17:12:05',1),('2018-12-07 17:12:05',54),('2018-12-07 17:12:05',55),('2018-12-07 17:12:05',1),('2018-12-07 17:12:05',54),('2018-12-07 17:12:05',55),('2018-12-07 17:12:05',1),('2018-12-07 17:12:06',54),('2018-12-07 17:12:06',55),('2018-12-07 17:12:06',1),('2018-12-07 17:12:06',54),('2018-12-07 17:12:06',55),('2018-12-07 17:12:06',1),('2018-12-07 17:12:06',54),('2018-12-07 17:12:06',55),('2018-12-07 17:12:07',1),('2018-12-07 17:12:07',54),('2018-12-07 17:12:07',55),('2018-12-07 17:12:07',1),('2018-12-07 17:12:07',54),('2018-12-07 17:12:07',55),('2018-12-07 17:12:07',1),('2018-12-07 17:12:07',54),('2018-12-07 17:12:07',55),('2018-12-07 17:12:07',1),('2018-12-07 17:12:08',54),('2018-12-07 17:12:08',55),('2018-12-07 17:12:08',1),('2018-12-07 17:12:08',54),('2018-12-07 17:12:08',55),('2018-12-07 17:12:08',1),('2018-12-07 17:12:08',54),('2018-12-07 17:12:08',55),('2018-12-07 17:12:17',1),('2018-12-07 17:12:17',54),('2018-12-07 17:12:17',55),('2018-12-07 17:12:17',1),('2018-12-07 17:12:17',54),('2018-12-07 17:12:17',55),('2018-12-07 17:12:18',1),('2018-12-07 17:12:18',54),('2018-12-07 17:12:18',55),('2018-12-07 17:12:18',1),('2018-12-07 17:12:18',54),('2018-12-07 17:12:18',55),('2018-12-07 17:12:18',1),('2018-12-07 17:12:18',54),('2018-12-07 17:12:18',55),('2018-12-07 17:12:18',1),('2018-12-07 17:12:18',54),('2018-12-07 17:12:18',55),('2018-12-07 17:12:19',1),('2018-12-07 17:12:19',54),('2018-12-07 17:12:19',55),('2018-12-07 17:12:19',1),('2018-12-07 17:12:19',54),('2018-12-07 17:12:19',55),('2018-12-07 17:12:20',1),('2018-12-07 17:12:20',54),('2018-12-07 17:12:20',55),('2018-12-07 17:12:20',1),('2018-12-07 17:12:20',54),('2018-12-07 17:12:20',55),('2018-12-07 17:12:20',1),('2018-12-07 17:12:20',54),('2018-12-07 17:12:20',55),('2018-12-07 17:12:20',1),('2018-12-07 17:12:21',54),('2018-12-07 17:12:21',55),('2018-12-07 17:12:51',1),('2018-12-07 17:12:51',54),('2018-12-07 17:12:51',55),('2018-12-07 17:12:51',1),('2018-12-07 17:12:51',54),('2018-12-07 17:12:51',55),('2018-12-07 17:12:51',1),('2018-12-07 17:12:52',54),('2018-12-07 17:12:52',55),('2018-12-07 17:12:52',1),('2018-12-07 17:12:52',54),('2018-12-07 17:12:52',55),('2018-12-07 17:12:52',1),('2018-12-07 17:12:52',54),('2018-12-07 17:12:52',55),('2018-12-07 17:12:52',1),('2018-12-07 17:12:52',54),('2018-12-07 17:12:52',55),('2018-12-07 17:12:52',1),('2018-12-07 17:12:53',54),('2018-12-07 17:12:53',55),('2018-12-07 17:12:53',1),('2018-12-07 17:12:53',54),('2018-12-07 17:12:53',55),('2018-12-07 17:12:53',1),('2018-12-07 17:12:54',54),('2018-12-07 17:12:54',55),('2018-12-07 17:12:54',1),('2018-12-07 17:12:54',54),('2018-12-07 17:12:54',55),('2018-12-07 17:12:54',1),('2018-12-07 17:12:54',54),('2018-12-07 17:12:54',55),('2018-12-07 17:12:54',1),('2018-12-07 17:12:54',54),('2018-12-07 17:12:54',55),('2018-12-07 17:15:46',1),('2018-12-07 17:15:46',54),('2018-12-07 17:15:46',55),('2018-12-07 17:15:46',1),('2018-12-07 17:15:46',54),('2018-12-07 17:15:46',55),('2018-12-07 17:15:46',1),('2018-12-07 17:15:46',54),('2018-12-07 17:15:46',55),('2018-12-07 17:15:47',1),('2018-12-07 17:15:47',54),('2018-12-07 17:15:47',55),('2018-12-07 17:15:47',1),('2018-12-07 17:15:47',54),('2018-12-07 17:15:47',55),('2018-12-07 17:15:47',1),('2018-12-07 17:15:47',54),('2018-12-07 17:15:47',55),('2018-12-07 17:15:47',1),('2018-12-07 17:15:47',54),('2018-12-07 17:15:47',55),('2018-12-07 17:15:48',1),('2018-12-07 17:15:48',54),('2018-12-07 17:15:48',55),('2018-12-07 17:15:48',1),('2018-12-07 17:15:48',54),('2018-12-07 17:15:48',55),('2018-12-07 17:15:48',1),('2018-12-07 17:15:48',54),('2018-12-07 17:15:48',55),('2018-12-07 17:15:49',1),('2018-12-07 17:15:49',54),('2018-12-07 17:15:49',55),('2018-12-07 17:15:49',1),('2018-12-07 17:15:49',54),('2018-12-07 17:15:49',55),('2018-12-07 17:16:52',1),('2018-12-07 17:16:52',54),('2018-12-07 17:16:52',55),('2018-12-07 17:16:52',1),('2018-12-07 17:16:53',54),('2018-12-07 17:16:53',55),('2018-12-07 17:16:53',1),('2018-12-07 17:16:53',54),('2018-12-07 17:16:53',55),('2018-12-07 17:16:55',1),('2018-12-07 17:16:55',54),('2018-12-07 17:16:55',55),('2018-12-07 17:16:55',1),('2018-12-07 17:16:55',54),('2018-12-07 17:16:55',55),('2018-12-07 17:16:56',1),('2018-12-07 17:16:56',54),('2018-12-07 17:16:56',55),('2018-12-07 17:16:56',1),('2018-12-07 17:16:56',54),('2018-12-07 17:16:56',55),('2018-12-07 17:16:58',1),('2018-12-07 17:16:58',54),('2018-12-07 17:16:58',55),('2018-12-07 17:16:59',1),('2018-12-07 17:16:59',54),('2018-12-07 17:16:59',55),('2018-12-07 17:17:00',1),('2018-12-07 17:17:00',54),('2018-12-07 17:17:00',55),('2018-12-07 17:17:01',1),('2018-12-07 17:17:01',54),('2018-12-07 17:17:01',55),('2018-12-07 17:17:02',1),('2018-12-07 17:17:02',54),('2018-12-07 17:17:02',55),('2018-12-07 17:17:10',1),('2018-12-07 17:17:10',54),('2018-12-07 17:17:10',55),('2018-12-07 17:17:10',1),('2018-12-07 17:17:10',54),('2018-12-07 17:17:10',55),('2018-12-07 17:17:11',1),('2018-12-07 17:17:11',54),('2018-12-07 17:17:11',55),('2018-12-07 17:17:12',1),('2018-12-07 17:17:13',54),('2018-12-07 17:17:13',55),('2018-12-07 17:17:13',1),('2018-12-07 17:17:13',54),('2018-12-07 17:17:13',55),('2018-12-07 17:17:13',1),('2018-12-07 17:17:14',54),('2018-12-07 17:17:14',55),('2018-12-07 17:17:14',1),('2018-12-07 17:17:14',54),('2018-12-07 17:17:14',55),('2018-12-07 17:17:16',1),('2018-12-07 17:17:16',54),('2018-12-07 17:17:16',55),('2018-12-07 17:17:17',1),('2018-12-07 17:17:17',54),('2018-12-07 17:17:17',55),('2018-12-07 17:17:18',1),('2018-12-07 17:17:18',54),('2018-12-07 17:17:18',55),('2018-12-07 17:17:18',1),('2018-12-07 17:17:19',54),('2018-12-07 17:17:19',55),('2018-12-07 17:17:19',1),('2018-12-07 17:17:20',54),('2018-12-07 17:17:20',55),('2018-12-07 17:18:20',1),('2018-12-07 17:18:20',54),('2018-12-07 17:18:20',55),('2018-12-07 17:18:20',1),('2018-12-07 17:18:21',54),('2018-12-07 17:18:21',55),('2018-12-07 17:18:21',1),('2018-12-07 17:18:21',54),('2018-12-07 17:18:21',55),('2018-12-07 17:18:23',1),('2018-12-07 17:18:23',54),('2018-12-07 17:18:23',55),('2018-12-07 17:18:23',1),('2018-12-07 17:18:23',54),('2018-12-07 17:18:23',55),('2018-12-07 17:18:24',1),('2018-12-07 17:18:24',54),('2018-12-07 17:18:24',55),('2018-12-07 17:18:24',1),('2018-12-07 17:18:25',54),('2018-12-07 17:18:25',55),('2018-12-07 17:18:26',1),('2018-12-07 17:18:26',54),('2018-12-07 17:18:26',55),('2018-12-07 17:18:27',1),('2018-12-07 17:18:27',54),('2018-12-07 17:18:28',55),('2018-12-07 17:18:28',1),('2018-12-07 17:18:28',54),('2018-12-07 17:18:28',55),('2018-12-07 17:18:29',1),('2018-12-07 17:18:29',54),('2018-12-07 17:18:29',55),('2018-12-07 17:18:30',1),('2018-12-07 17:18:30',54),('2018-12-07 17:18:30',55),('2018-12-07 17:19:07',1),('2018-12-07 17:19:07',54),('2018-12-07 17:19:07',55),('2018-12-07 17:19:21',1),('2018-12-07 17:19:21',54),('2018-12-07 17:19:21',55),('2018-12-07 17:19:52',1),('2018-12-07 17:19:52',54),('2018-12-07 17:19:52',55),('2018-12-07 17:20:24',1),('2018-12-07 17:20:24',54),('2018-12-07 17:20:24',55),('2018-12-07 17:20:52',1),('2018-12-07 17:20:53',54),('2018-12-07 17:20:53',55),('2018-12-07 17:21:22',1),('2018-12-07 17:21:22',54),('2018-12-07 17:21:22',55),('2018-12-07 17:21:22',1),('2018-12-07 17:21:22',54),('2018-12-07 17:21:22',55),('2018-12-07 17:21:23',1),('2018-12-07 17:21:23',54),('2018-12-07 17:21:23',55),('2018-12-07 17:21:23',1),('2018-12-07 17:21:23',54),('2018-12-07 17:21:23',55),('2018-12-07 17:21:23',1),('2018-12-07 17:21:23',54),('2018-12-07 17:21:23',55),('2018-12-07 17:21:23',1),('2018-12-07 17:21:24',54),('2018-12-07 17:21:24',55),('2018-12-07 17:21:24',1),('2018-12-07 17:21:24',54),('2018-12-07 17:21:24',55),('2018-12-07 17:21:24',1),('2018-12-07 17:21:24',54),('2018-12-07 17:21:24',55),('2018-12-07 17:21:24',1),('2018-12-07 17:21:25',54),('2018-12-07 17:21:25',55),('2018-12-07 17:21:25',1),('2018-12-07 17:21:25',54),('2018-12-07 17:21:25',55),('2018-12-07 17:21:25',1),('2018-12-07 17:21:25',54),('2018-12-07 17:21:25',55),('2018-12-07 17:21:25',1),('2018-12-07 17:21:25',54),('2018-12-07 17:21:25',55),('2018-12-10 08:58:55',76),('2018-12-10 08:59:06',1),('2018-12-10 08:59:13',76),('2018-12-10 09:10:01',1),('2018-12-10 09:10:03',54),('2018-12-10 09:10:03',55),('2018-12-10 09:10:04',1),('2018-12-10 09:10:04',54),('2018-12-10 09:10:04',55),('2018-12-10 09:10:05',1),('2018-12-10 09:10:06',54),('2018-12-10 09:10:06',55),('2018-12-10 09:10:07',1),('2018-12-10 09:10:07',54),('2018-12-10 09:10:07',55),('2018-12-10 09:10:07',1),('2018-12-10 09:10:07',54),('2018-12-10 09:10:07',55),('2018-12-10 09:10:07',1),('2018-12-10 09:10:08',54),('2018-12-10 09:10:08',55),('2018-12-10 09:10:08',1),('2018-12-10 09:10:08',54),('2018-12-10 09:10:08',55),('2018-12-10 09:10:10',1),('2018-12-10 09:10:10',54),('2018-12-10 09:10:10',55),('2018-12-10 09:10:11',1),('2018-12-10 09:10:11',54),('2018-12-10 09:10:11',55),('2018-12-10 09:10:11',1),('2018-12-10 09:10:12',54),('2018-12-10 09:10:12',55),('2018-12-10 09:10:12',1),('2018-12-10 09:10:12',54),('2018-12-10 09:10:12',55),('2018-12-10 09:10:12',1),('2018-12-10 09:10:13',54),('2018-12-10 09:10:13',55),('2018-12-10 09:10:34',1),('2018-12-10 09:10:35',54),('2018-12-10 09:10:35',55),('2018-12-10 09:10:35',1),('2018-12-10 09:10:35',54),('2018-12-10 09:10:35',55),('2018-12-10 09:10:35',1),('2018-12-10 09:10:35',54),('2018-12-10 09:10:35',55),('2018-12-10 09:10:36',1),('2018-12-10 09:10:36',54),('2018-12-10 09:10:36',55),('2018-12-10 09:10:36',1),('2018-12-10 09:10:36',54),('2018-12-10 09:10:36',55),('2018-12-10 09:10:36',1),('2018-12-10 09:10:37',54),('2018-12-10 09:10:37',55),('2018-12-10 09:10:37',1),('2018-12-10 09:10:37',54),('2018-12-10 09:10:37',55),('2018-12-10 09:10:38',1),('2018-12-10 09:10:38',54),('2018-12-10 09:10:38',55),('2018-12-10 09:10:38',1),('2018-12-10 09:10:38',54),('2018-12-10 09:10:38',55),('2018-12-10 09:10:39',1),('2018-12-10 09:10:39',54),('2018-12-10 09:10:39',55),('2018-12-10 09:10:39',1),('2018-12-10 09:10:39',54),('2018-12-10 09:10:39',55),('2018-12-10 09:10:39',1),('2018-12-10 09:10:39',54),('2018-12-10 09:10:39',55),('2018-12-10 13:58:59',1),('2018-12-10 13:59:12',54),('2018-12-10 19:52:56',76),('2018-12-10 19:57:47',54),('2018-12-10 19:57:52',1),('2018-12-10 19:58:26',54),('2018-12-10 19:58:28',1),('2018-12-10 20:07:59',1),('2018-12-10 20:08:00',54),('2018-12-10 20:08:00',55),('2018-12-10 20:18:10',1),('2018-12-10 20:18:10',54),('2018-12-10 20:18:10',55),('2018-12-10 20:22:45',1),('2018-12-10 20:22:45',54),('2018-12-10 20:22:45',55),('2018-12-10 21:22:20',1),('2018-12-10 21:22:20',54),('2018-12-10 21:22:20',55),('2018-12-10 21:22:56',1),('2018-12-10 21:22:56',54),('2018-12-10 21:22:56',55),('2018-12-10 21:23:22',1),('2018-12-10 21:23:22',54),('2018-12-10 21:23:22',55),('2018-12-11 06:21:44',1),('2018-12-11 06:21:45',54),('2018-12-11 06:21:45',55),('2018-12-11 06:22:43',1),('2018-12-11 06:22:43',54),('2018-12-11 06:22:43',55),('2018-12-11 06:25:34',1),('2018-12-11 06:25:34',54),('2018-12-11 06:25:34',55),('2018-12-11 06:26:52',1),('2018-12-11 06:26:52',54),('2018-12-11 06:26:52',55),('2018-12-11 06:26:52',1),('2018-12-11 06:26:52',54),('2018-12-11 06:26:52',55),('2018-12-11 06:26:52',1),('2018-12-11 06:26:53',54),('2018-12-11 06:26:53',55),('2018-12-11 06:26:53',1),('2018-12-11 06:26:53',54),('2018-12-11 06:26:53',55),('2018-12-11 06:26:53',1),('2018-12-11 06:26:53',54),('2018-12-11 06:26:53',55),('2018-12-11 06:26:53',1),('2018-12-11 06:26:53',54),('2018-12-11 06:26:53',55),('2018-12-11 06:26:54',1),('2018-12-11 06:26:54',54),('2018-12-11 06:26:54',55),('2018-12-11 06:26:54',1),('2018-12-11 06:26:54',54),('2018-12-11 06:26:54',55),('2018-12-11 06:26:55',1),('2018-12-11 06:26:55',54),('2018-12-11 06:26:55',55),('2018-12-11 06:26:55',1),('2018-12-11 06:26:55',54),('2018-12-11 06:26:55',55),('2018-12-11 06:26:55',1),('2018-12-11 06:26:55',54),('2018-12-11 06:26:55',55),('2018-12-11 06:26:56',1),('2018-12-11 06:26:56',54),('2018-12-11 06:26:56',55),('2018-12-11 06:27:19',1),('2018-12-11 06:27:19',54),('2018-12-11 06:27:19',55),('2018-12-11 06:27:19',1),('2018-12-11 06:27:19',54),('2018-12-11 06:27:19',55),('2018-12-11 06:27:20',1),('2018-12-11 06:27:20',54),('2018-12-11 06:27:20',55),('2018-12-11 06:27:20',1),('2018-12-11 06:27:20',54),('2018-12-11 06:27:20',55),('2018-12-11 06:27:20',1),('2018-12-11 06:27:20',54),('2018-12-11 06:27:20',55),('2018-12-11 06:27:21',1),('2018-12-11 06:27:21',54),('2018-12-11 06:27:21',55),('2018-12-11 06:27:21',1),('2018-12-11 06:27:21',54),('2018-12-11 06:27:21',55),('2018-12-11 06:27:21',1),('2018-12-11 06:27:21',54),('2018-12-11 06:27:21',55),('2018-12-11 06:27:22',1),('2018-12-11 06:27:22',54),('2018-12-11 06:27:22',55),('2018-12-11 06:27:22',1),('2018-12-11 06:27:22',54),('2018-12-11 06:27:22',55),('2018-12-11 06:27:22',1),('2018-12-11 06:27:22',54),('2018-12-11 06:27:22',55),('2018-12-11 06:27:23',1),('2018-12-11 06:27:23',54),('2018-12-11 06:27:23',55),('2018-12-11 06:34:57',1),('2018-12-11 06:34:57',54),('2018-12-11 06:34:57',55),('2018-12-11 06:34:57',1),('2018-12-11 06:34:58',54),('2018-12-11 06:34:58',55),('2018-12-11 06:34:58',1),('2018-12-11 06:34:58',54),('2018-12-11 06:34:58',55),('2018-12-11 06:34:59',1),('2018-12-11 06:34:59',54),('2018-12-11 06:34:59',55),('2018-12-11 06:34:59',1),('2018-12-11 06:34:59',54),('2018-12-11 06:34:59',55),('2018-12-11 06:34:59',1),('2018-12-11 06:34:59',54),('2018-12-11 06:34:59',55),('2018-12-11 06:34:59',1),('2018-12-11 06:34:59',54),('2018-12-11 06:34:59',55),('2018-12-11 06:35:00',1),('2018-12-11 06:35:00',54),('2018-12-11 06:35:00',55),('2018-12-11 06:35:00',1),('2018-12-11 06:35:01',54),('2018-12-11 06:35:01',55),('2018-12-11 06:35:01',1),('2018-12-11 06:35:01',54),('2018-12-11 06:35:01',55),('2018-12-11 06:35:01',1),('2018-12-11 06:35:01',54),('2018-12-11 06:35:01',55),('2018-12-11 06:35:02',1),('2018-12-11 06:35:02',54),('2018-12-11 06:35:02',55),('2018-12-11 06:41:28',1),('2018-12-11 06:41:29',54),('2018-12-11 06:41:29',55),('2018-12-11 06:41:29',1),('2018-12-11 06:41:29',54),('2018-12-11 06:41:29',55),('2018-12-11 06:41:30',1),('2018-12-11 06:41:30',54),('2018-12-11 06:41:30',55),('2018-12-11 06:41:30',1),('2018-12-11 06:41:30',54),('2018-12-11 06:41:30',55),('2018-12-11 06:41:31',1),('2018-12-11 06:41:31',54),('2018-12-11 06:41:31',55),('2018-12-11 06:41:31',1),('2018-12-11 06:41:31',54),('2018-12-11 06:41:31',55),('2018-12-11 06:41:31',1),('2018-12-11 06:41:31',54),('2018-12-11 06:41:31',55),('2018-12-11 06:41:31',1),('2018-12-11 06:41:31',54),('2018-12-11 06:41:32',55),('2018-12-11 06:41:32',1),('2018-12-11 06:41:32',54),('2018-12-11 06:41:32',55),('2018-12-11 06:41:33',1),('2018-12-11 06:41:33',54),('2018-12-11 06:41:33',55),('2018-12-11 06:41:33',1),('2018-12-11 06:41:33',54),('2018-12-11 06:41:33',55),('2018-12-11 06:41:33',1),('2018-12-11 06:41:33',54),('2018-12-11 06:41:33',55),('2018-12-11 06:42:47',1),('2018-12-11 06:42:47',54),('2018-12-11 06:42:47',55),('2018-12-11 06:42:47',1),('2018-12-11 06:42:47',54),('2018-12-11 06:42:47',55),('2018-12-11 06:42:47',1),('2018-12-11 06:42:47',54),('2018-12-11 06:42:47',55),('2018-12-11 06:42:48',1),('2018-12-11 06:42:48',54),('2018-12-11 06:42:48',55),('2018-12-11 06:42:48',1),('2018-12-11 06:42:48',54),('2018-12-11 06:42:48',55),('2018-12-11 06:42:48',1),('2018-12-11 06:42:48',54),('2018-12-11 06:42:48',55),('2018-12-11 06:42:48',1),('2018-12-11 06:42:48',54),('2018-12-11 06:42:48',55),('2018-12-11 06:42:49',1),('2018-12-11 06:42:49',54),('2018-12-11 06:42:49',55),('2018-12-11 06:42:49',1),('2018-12-11 06:42:49',54),('2018-12-11 06:42:49',55),('2018-12-11 06:42:49',1),('2018-12-11 06:42:49',54),('2018-12-11 06:42:50',55),('2018-12-11 06:42:50',1),('2018-12-11 06:42:50',54),('2018-12-11 06:42:50',55),('2018-12-11 06:42:50',1),('2018-12-11 06:42:50',54),('2018-12-11 06:42:50',55),('2018-12-11 06:44:25',1),('2018-12-11 06:44:25',54),('2018-12-11 06:44:25',55),('2018-12-11 06:44:25',1),('2018-12-11 06:44:26',54),('2018-12-11 06:44:26',55),('2018-12-11 06:44:26',1),('2018-12-11 06:44:26',54),('2018-12-11 06:44:26',55),('2018-12-11 06:44:26',1),('2018-12-11 06:44:27',54),('2018-12-11 06:44:27',55),('2018-12-11 06:44:27',1),('2018-12-11 06:44:27',54),('2018-12-11 06:44:27',55),('2018-12-11 06:44:27',1),('2018-12-11 06:44:27',54),('2018-12-11 06:44:27',55),('2018-12-11 06:44:27',1),('2018-12-11 06:44:27',54),('2018-12-11 06:44:27',55),('2018-12-11 06:44:28',1),('2018-12-11 06:44:28',54),('2018-12-11 06:44:28',55),('2018-12-11 06:44:28',1),('2018-12-11 06:44:28',54),('2018-12-11 06:44:28',55),('2018-12-11 06:44:29',1),('2018-12-11 06:44:29',54),('2018-12-11 06:44:29',55),('2018-12-11 06:44:29',1),('2018-12-11 06:44:29',54),('2018-12-11 06:44:29',55),('2018-12-11 06:44:30',1),('2018-12-11 06:44:30',54),('2018-12-11 06:44:30',55),('2018-12-11 06:47:38',1),('2018-12-11 06:47:38',54),('2018-12-11 06:47:38',55),('2018-12-11 06:47:51',1),('2018-12-11 06:47:51',54),('2018-12-11 06:47:51',55),('2018-12-11 06:47:57',1),('2018-12-11 06:47:57',54),('2018-12-11 06:47:57',55),('2018-12-11 06:48:49',1),('2018-12-11 06:48:49',54),('2018-12-11 06:48:49',55),('2018-12-11 06:49:32',1),('2018-12-11 06:49:32',54),('2018-12-11 06:49:32',55),('2018-12-11 06:50:38',1),('2018-12-11 06:50:38',54),('2018-12-11 06:50:38',55),('2018-12-11 06:52:52',1),('2018-12-11 06:52:53',54),('2018-12-11 06:52:53',55),('2018-12-11 06:54:33',1),('2018-12-11 06:54:33',54),('2018-12-11 06:54:33',55),('2018-12-11 06:55:22',1),('2018-12-11 06:55:22',54),('2018-12-11 06:55:22',55),('2018-12-11 06:55:36',1),('2018-12-11 06:55:36',54),('2018-12-11 06:55:36',55),('2018-12-11 06:55:36',1),('2018-12-11 06:55:36',54),('2018-12-11 06:55:36',55),('2018-12-11 06:55:37',1),('2018-12-11 06:55:37',54),('2018-12-11 06:55:37',55),('2018-12-11 06:55:37',1),('2018-12-11 06:55:37',54),('2018-12-11 06:55:37',55),('2018-12-11 06:55:37',1),('2018-12-11 06:55:38',54),('2018-12-11 06:55:38',55),('2018-12-11 06:55:38',1),('2018-12-11 06:55:38',54),('2018-12-11 06:55:38',55),('2018-12-11 06:55:38',1),('2018-12-11 06:55:38',54),('2018-12-11 06:55:38',55),('2018-12-11 06:55:38',1),('2018-12-11 06:55:39',54),('2018-12-11 06:55:39',55),('2018-12-11 06:55:39',1),('2018-12-11 06:55:39',54),('2018-12-11 06:55:39',55),('2018-12-11 06:55:39',1),('2018-12-11 06:55:39',54),('2018-12-11 06:55:39',55),('2018-12-11 06:55:40',1),('2018-12-11 06:55:40',54),('2018-12-11 06:55:40',55),('2018-12-11 06:55:40',1),('2018-12-11 06:55:40',54),('2018-12-11 06:55:40',55),('2018-12-11 07:11:56',1),('2018-12-11 07:11:56',54),('2018-12-11 07:11:56',55),('2018-12-11 07:11:56',1),('2018-12-11 07:11:58',54),('2018-12-11 07:11:58',55),('2018-12-11 07:11:58',1),('2018-12-11 07:11:58',54),('2018-12-11 07:11:58',55),('2018-12-11 07:11:59',1),('2018-12-11 07:11:59',54),('2018-12-11 07:11:59',55),('2018-12-11 07:11:59',1),('2018-12-11 07:11:59',54),('2018-12-11 07:11:59',55),('2018-12-11 07:11:59',1),('2018-12-11 07:11:59',54),('2018-12-11 07:11:59',55),('2018-12-11 07:11:59',1),('2018-12-11 07:12:00',54),('2018-12-11 07:12:00',55),('2018-12-11 07:12:00',1),('2018-12-11 07:12:00',54),('2018-12-11 07:12:00',55),('2018-12-11 07:12:00',1),('2018-12-11 07:12:00',54),('2018-12-11 07:12:00',55),('2018-12-11 07:12:01',1),('2018-12-11 07:12:01',54),('2018-12-11 07:12:01',55),('2018-12-11 07:12:01',1),('2018-12-11 07:12:01',54),('2018-12-11 07:12:01',55),('2018-12-11 07:12:01',1),('2018-12-11 07:12:01',54),('2018-12-11 07:12:01',55),('2018-12-11 07:12:38',1),('2018-12-11 07:12:39',54),('2018-12-11 07:12:39',55),('2018-12-11 07:12:39',1),('2018-12-11 07:12:39',54),('2018-12-11 07:12:39',55),('2018-12-11 07:12:39',1),('2018-12-11 07:12:39',54),('2018-12-11 07:12:39',55),('2018-12-11 07:12:39',1),('2018-12-11 07:12:40',54),('2018-12-11 07:12:40',55),('2018-12-11 07:12:40',1),('2018-12-11 07:12:40',54),('2018-12-11 07:12:40',55),('2018-12-11 07:12:40',1),('2018-12-11 07:12:40',54),('2018-12-11 07:12:40',55),('2018-12-11 07:12:40',1),('2018-12-11 07:12:40',54),('2018-12-11 07:12:40',55),('2018-12-11 07:12:41',1),('2018-12-11 07:12:41',54),('2018-12-11 07:12:41',55),('2018-12-11 07:12:41',1),('2018-12-11 07:12:41',54),('2018-12-11 07:12:41',55),('2018-12-11 07:12:41',1),('2018-12-11 07:12:42',54),('2018-12-11 07:12:42',55),('2018-12-11 07:12:42',1),('2018-12-11 07:12:42',54),('2018-12-11 07:12:42',55),('2018-12-11 07:12:42',1),('2018-12-11 07:12:42',54),('2018-12-11 07:12:42',55),('2018-12-11 07:12:45',1),('2018-12-11 07:12:46',54),('2018-12-11 07:12:46',55),('2018-12-11 07:12:46',1),('2018-12-11 07:12:46',54),('2018-12-11 07:12:46',55),('2018-12-11 07:12:46',1),('2018-12-11 07:12:46',54),('2018-12-11 07:12:46',55),('2018-12-11 07:12:46',1),('2018-12-11 07:12:47',54),('2018-12-11 07:12:47',55),('2018-12-11 07:12:47',1),('2018-12-11 07:12:47',54),('2018-12-11 07:12:47',55),('2018-12-11 07:12:47',1),('2018-12-11 07:12:47',54),('2018-12-11 07:12:47',55),('2018-12-11 07:12:47',1),('2018-12-11 07:12:47',54),('2018-12-11 07:12:47',55),('2018-12-11 07:12:48',1),('2018-12-11 07:12:48',54),('2018-12-11 07:12:48',55),('2018-12-11 07:12:48',1),('2018-12-11 07:12:48',54),('2018-12-11 07:12:48',55),('2018-12-11 07:12:48',1),('2018-12-11 07:12:48',54),('2018-12-11 07:12:49',55),('2018-12-11 07:12:49',1),('2018-12-11 07:12:49',54),('2018-12-11 07:12:49',55),('2018-12-11 07:12:49',1),('2018-12-11 07:12:49',54),('2018-12-11 07:12:49',55),('2018-12-11 07:12:58',1),('2018-12-11 07:12:58',54),('2018-12-11 07:12:58',55),('2018-12-11 07:12:58',1),('2018-12-11 07:12:58',54),('2018-12-11 07:12:58',55),('2018-12-11 07:12:58',1),('2018-12-11 07:12:58',54),('2018-12-11 07:12:58',55),('2018-12-11 07:12:59',1),('2018-12-11 07:12:59',54),('2018-12-11 07:12:59',55),('2018-12-11 07:12:59',1),('2018-12-11 07:12:59',54),('2018-12-11 07:12:59',55),('2018-12-11 07:12:59',1),('2018-12-11 07:12:59',54),('2018-12-11 07:12:59',55),('2018-12-11 07:12:59',1),('2018-12-11 07:12:59',54),('2018-12-11 07:12:59',55),('2018-12-11 07:13:00',1),('2018-12-11 07:13:00',54),('2018-12-11 07:13:00',55),('2018-12-11 07:13:00',1),('2018-12-11 07:13:00',54),('2018-12-11 07:13:00',55),('2018-12-11 07:13:01',1),('2018-12-11 07:13:01',54),('2018-12-11 07:13:01',55),('2018-12-11 07:13:01',1),('2018-12-11 07:13:01',54),('2018-12-11 07:13:01',55),('2018-12-11 07:13:01',1),('2018-12-11 07:13:01',54),('2018-12-11 07:13:01',55),('2018-12-11 07:13:03',1),('2018-12-11 07:13:04',54),('2018-12-11 07:13:04',55),('2018-12-11 07:13:04',1),('2018-12-11 07:13:04',54),('2018-12-11 07:13:04',55),('2018-12-11 07:13:04',1),('2018-12-11 07:13:04',54),('2018-12-11 07:13:04',55),('2018-12-11 07:13:04',1),('2018-12-11 07:13:05',54),('2018-12-11 07:13:05',55),('2018-12-11 07:13:05',1),('2018-12-11 07:13:05',54),('2018-12-11 07:13:05',55),('2018-12-11 07:13:05',1),('2018-12-11 07:13:05',54),('2018-12-11 07:13:05',55),('2018-12-11 07:13:05',1),('2018-12-11 07:13:05',54),('2018-12-11 07:13:05',55),('2018-12-11 07:13:06',1),('2018-12-11 07:13:06',54),('2018-12-11 07:13:06',55),('2018-12-11 07:13:06',1),('2018-12-11 07:13:06',54),('2018-12-11 07:13:06',55),('2018-12-11 07:13:06',1),('2018-12-11 07:13:06',54),('2018-12-11 07:13:07',55),('2018-12-11 07:13:07',1),('2018-12-11 07:13:07',54),('2018-12-11 07:13:07',55),('2018-12-11 07:13:07',1),('2018-12-11 07:13:07',54),('2018-12-11 07:13:07',55),('2018-12-11 09:20:15',1),('2018-12-11 09:20:15',54),('2018-12-11 09:20:15',55),('2018-12-11 09:20:16',1),('2018-12-11 09:20:16',54),('2018-12-11 09:20:16',55),('2018-12-11 09:20:16',1),('2018-12-11 09:20:16',54),('2018-12-11 09:20:16',55),('2018-12-11 09:20:16',1),('2018-12-11 09:20:16',54),('2018-12-11 09:20:16',55),('2018-12-11 09:20:17',1),('2018-12-11 09:20:17',54),('2018-12-11 09:20:17',55),('2018-12-11 09:20:17',1),('2018-12-11 09:20:17',54),('2018-12-11 09:20:17',55),('2018-12-11 09:20:17',1),('2018-12-11 09:20:17',54),('2018-12-11 09:20:17',55),('2018-12-11 09:20:17',1),('2018-12-11 09:20:17',54),('2018-12-11 09:20:17',55),('2018-12-11 09:20:17',1),('2018-12-11 09:20:18',54),('2018-12-11 09:20:18',55),('2018-12-11 09:20:18',1),('2018-12-11 09:20:18',54),('2018-12-11 09:20:18',55),('2018-12-11 09:20:18',1),('2018-12-11 09:20:18',54),('2018-12-11 09:20:18',55),('2018-12-11 09:20:18',1),('2018-12-11 09:20:18',54),('2018-12-11 09:20:18',55),('2018-12-11 09:20:56',1),('2018-12-11 09:20:56',54),('2018-12-11 09:20:56',55),('2018-12-11 09:20:56',1),('2018-12-11 09:20:57',54),('2018-12-11 09:20:57',55),('2018-12-11 09:20:57',1),('2018-12-11 09:20:57',54),('2018-12-11 09:20:57',55),('2018-12-11 09:20:57',1),('2018-12-11 09:20:57',54),('2018-12-11 09:20:57',55),('2018-12-11 09:20:57',1),('2018-12-11 09:20:57',54),('2018-12-11 09:20:58',55),('2018-12-11 09:20:58',1),('2018-12-11 09:20:58',54),('2018-12-11 09:20:58',55),('2018-12-11 09:20:58',1),('2018-12-11 09:20:58',54),('2018-12-11 09:20:58',55),('2018-12-11 09:20:58',1),('2018-12-11 09:20:58',54),('2018-12-11 09:20:58',55),('2018-12-11 09:20:59',1),('2018-12-11 09:20:59',54),('2018-12-11 09:20:59',55),('2018-12-11 09:20:59',1),('2018-12-11 09:20:59',54),('2018-12-11 09:20:59',55),('2018-12-11 09:20:59',1),('2018-12-11 09:20:59',54),('2018-12-11 09:20:59',55),('2018-12-11 09:21:00',1),('2018-12-11 09:21:00',54),('2018-12-11 09:21:00',55),('2018-12-11 14:30:31',54),('2018-12-12 16:46:41',1),('2018-12-13 13:57:56',76),('2018-12-15 18:26:06',1),('2018-12-15 18:26:07',54),('2018-12-15 18:26:07',55),('2018-12-15 18:26:07',1),('2018-12-15 18:26:07',54),('2018-12-15 18:26:07',55),('2018-12-15 18:26:07',1),('2018-12-15 18:26:07',54),('2018-12-15 18:26:07',55),('2018-12-15 18:26:08',1),('2018-12-15 18:26:08',54),('2018-12-15 18:26:08',55),('2018-12-15 18:26:08',1),('2018-12-15 18:26:08',54),('2018-12-15 18:26:08',55),('2018-12-15 18:26:08',1),('2018-12-15 18:26:08',54),('2018-12-15 18:26:08',55),('2018-12-15 18:26:08',1),('2018-12-15 18:26:09',54),('2018-12-15 18:26:09',55),('2018-12-15 18:26:10',1),('2018-12-15 18:26:10',54),('2018-12-15 18:26:10',55),('2018-12-15 18:26:10',1),('2018-12-15 18:26:10',54),('2018-12-15 18:26:10',55),('2018-12-15 18:26:11',1),('2018-12-15 18:26:11',54),('2018-12-15 18:26:11',55),('2018-12-15 18:26:11',1),('2018-12-15 18:26:11',54),('2018-12-15 18:26:11',55),('2018-12-15 18:26:11',1),('2018-12-15 18:26:11',54),('2018-12-15 18:26:11',55),('2018-12-15 18:26:36',1),('2018-12-15 18:26:36',54),('2018-12-15 18:26:36',55),('2018-12-15 18:26:36',1),('2018-12-15 18:26:36',54),('2018-12-15 18:26:36',55),('2018-12-15 18:26:37',1),('2018-12-15 18:26:37',54),('2018-12-15 18:26:37',55),('2018-12-15 18:26:37',1),('2018-12-15 18:26:37',54),('2018-12-15 18:26:37',55),('2018-12-15 18:26:38',1),('2018-12-15 18:26:38',54),('2018-12-15 18:26:38',55),('2018-12-15 18:26:38',1),('2018-12-15 18:26:38',54),('2018-12-15 18:26:38',55),('2018-12-15 18:26:38',1),('2018-12-15 18:26:38',54),('2018-12-15 18:26:38',55),('2018-12-15 18:26:39',1),('2018-12-15 18:26:39',54),('2018-12-15 18:26:39',55),('2018-12-15 18:26:39',1),('2018-12-15 18:26:39',54),('2018-12-15 18:26:39',55),('2018-12-15 18:26:40',1),('2018-12-15 18:26:40',54),('2018-12-15 18:26:40',55),('2018-12-15 18:26:40',1),('2018-12-15 18:26:40',54),('2018-12-15 18:26:40',55),('2018-12-15 18:26:40',1),('2018-12-15 18:26:40',54),('2018-12-15 18:26:40',55),('2018-12-15 18:27:50',1),('2018-12-15 18:27:50',54),('2018-12-15 18:27:50',55),('2018-12-15 18:27:51',1),('2018-12-15 18:27:51',54),('2018-12-15 18:27:51',55),('2018-12-15 18:27:51',1),('2018-12-15 18:27:51',54),('2018-12-15 18:27:51',55),('2018-12-15 18:27:52',1),('2018-12-15 18:27:52',54),('2018-12-15 18:27:52',55),('2018-12-15 18:27:52',1),('2018-12-15 18:27:52',54),('2018-12-15 18:27:52',55),('2018-12-15 18:27:52',1),('2018-12-15 18:27:52',54),('2018-12-15 18:27:52',55),('2018-12-15 18:27:52',1),('2018-12-15 18:27:52',54),('2018-12-15 18:27:52',55),('2018-12-15 18:27:53',1),('2018-12-15 18:27:53',54),('2018-12-15 18:27:53',55),('2018-12-15 18:27:53',1),('2018-12-15 18:27:53',54),('2018-12-15 18:27:53',55),('2018-12-15 18:27:54',1),('2018-12-15 18:27:54',54),('2018-12-15 18:27:54',55),('2018-12-15 18:27:54',1),('2018-12-15 18:27:54',54),('2018-12-15 18:27:54',55),('2018-12-15 18:27:54',1),('2018-12-15 18:27:54',54),('2018-12-15 18:27:54',55),('2018-12-15 18:28:44',1),('2018-12-15 18:28:44',54),('2018-12-15 18:28:44',55),('2018-12-15 18:28:44',1),('2018-12-15 18:28:44',54),('2018-12-15 18:28:45',55),('2018-12-15 18:28:45',1),('2018-12-15 18:28:45',54),('2018-12-15 18:28:45',55),('2018-12-15 18:28:45',1),('2018-12-15 18:28:45',54),('2018-12-15 18:28:46',55),('2018-12-15 18:28:46',1),('2018-12-15 18:28:46',54),('2018-12-15 18:28:46',55),('2018-12-15 18:28:46',1),('2018-12-15 18:28:46',54),('2018-12-15 18:28:46',55),('2018-12-15 18:28:46',1),('2018-12-15 18:28:46',54),('2018-12-15 18:28:46',55),('2018-12-15 18:28:46',1),('2018-12-15 18:28:46',54),('2018-12-15 18:28:46',55),('2018-12-15 18:28:47',1),('2018-12-15 18:28:47',54),('2018-12-15 18:28:47',55),('2018-12-15 18:28:47',1),('2018-12-15 18:28:47',54),('2018-12-15 18:28:47',55),('2018-12-15 18:28:47',1),('2018-12-15 18:28:47',54),('2018-12-15 18:28:47',55),('2018-12-15 18:28:47',1),('2018-12-15 18:28:48',54),('2018-12-15 18:28:48',55),('2018-12-15 18:32:32',1),('2018-12-15 18:32:32',54),('2018-12-15 18:32:32',55),('2018-12-15 18:32:32',1),('2018-12-15 18:32:32',54),('2018-12-15 18:32:32',55),('2018-12-15 18:32:32',1),('2018-12-15 18:32:33',54),('2018-12-15 18:32:33',55),('2018-12-15 18:32:33',1),('2018-12-15 18:32:33',54),('2018-12-15 18:32:33',55),('2018-12-15 18:32:33',1),('2018-12-15 18:32:33',54),('2018-12-15 18:32:33',55),('2018-12-15 18:32:33',1),('2018-12-15 18:32:33',54),('2018-12-15 18:32:34',55),('2018-12-15 18:32:34',1),('2018-12-15 18:32:34',54),('2018-12-15 18:32:34',55),('2018-12-15 18:32:34',1),('2018-12-15 18:32:34',54),('2018-12-15 18:32:34',55),('2018-12-15 18:32:35',1),('2018-12-15 18:32:35',54),('2018-12-15 18:32:35',55),('2018-12-15 18:32:35',1),('2018-12-15 18:32:36',54),('2018-12-15 18:32:36',55),('2018-12-15 18:32:36',1),('2018-12-15 18:32:36',54),('2018-12-15 18:32:36',55),('2018-12-15 18:32:36',1),('2018-12-15 18:32:36',54),('2018-12-15 18:32:36',55),('2018-12-15 19:04:41',1),('2018-12-15 20:18:04',76),('2018-12-15 20:19:14',76),('2018-12-15 20:20:49',76),('2018-12-15 20:21:39',76),('2018-12-15 20:22:10',76),('2018-12-15 20:22:34',76),('2018-12-15 20:24:51',76),('2018-12-15 20:25:48',76),('2018-12-15 20:26:26',76),('2018-12-15 20:27:11',76),('2018-12-15 20:27:27',76),('2018-12-15 20:28:19',76),('2018-12-15 20:28:29',76),('2018-12-15 20:29:05',76),('2018-12-15 20:29:18',76),('2018-12-15 21:52:40',1),('2018-12-15 21:52:41',54),('2018-12-15 21:52:41',55),('2018-12-15 21:52:41',1),('2018-12-15 21:52:41',54),('2018-12-15 21:52:42',55),('2018-12-15 21:52:42',1),('2018-12-15 21:52:42',54),('2018-12-15 21:52:42',55),('2018-12-15 21:52:42',1),('2018-12-15 21:52:42',54),('2018-12-15 21:52:42',55),('2018-12-15 21:52:43',1),('2018-12-15 21:52:43',54),('2018-12-15 21:52:43',55),('2018-12-15 21:52:43',1),('2018-12-15 21:52:43',54),('2018-12-15 21:52:43',55),('2018-12-15 21:52:43',1),('2018-12-15 21:52:43',54),('2018-12-15 21:52:43',55),('2018-12-15 21:52:44',1),('2018-12-15 21:52:44',54),('2018-12-15 21:52:44',55),('2018-12-15 21:52:44',1),('2018-12-15 21:52:44',54),('2018-12-15 21:52:44',55),('2018-12-15 21:52:45',1),('2018-12-15 21:52:45',54),('2018-12-15 21:52:45',55),('2018-12-15 21:52:45',1),('2018-12-15 21:52:45',54),('2018-12-15 21:52:45',55),('2018-12-15 21:52:46',1),('2018-12-15 21:52:46',54),('2018-12-15 21:52:46',55),('2018-12-17 09:59:02',76),('2018-12-17 09:59:10',54),('2018-12-17 09:59:11',1),('2018-12-17 09:59:35',76),('2018-12-17 12:31:57',57),('2018-12-17 12:55:24',76),('2018-12-17 12:55:47',76),('2018-12-17 12:55:54',54),('2018-12-17 12:55:55',1),('2018-12-17 12:56:22',76),('2018-12-17 13:08:55',76),('2018-12-17 13:09:02',54),('2018-12-17 13:09:03',1),('2018-12-17 13:09:25',76),('2019-01-04 10:06:46',76),('2019-01-04 10:06:59',54),('2019-01-04 10:07:19',55),('2019-01-04 10:07:58',54),('2019-01-04 10:08:21',76),('2019-01-05 19:16:37',54),('2019-01-05 19:37:01',1),('2019-01-05 19:37:01',54),('2019-01-05 19:37:02',55),('2019-01-05 19:37:02',1),('2019-01-05 19:37:02',54),('2019-01-05 19:37:02',55),('2019-01-05 19:37:04',1),('2019-01-05 19:37:04',54),('2019-01-05 19:37:04',55),('2019-01-05 19:37:06',1),('2019-01-05 19:37:06',54),('2019-01-05 19:37:06',55),('2019-01-05 19:37:06',1),('2019-01-05 19:37:06',54),('2019-01-05 19:37:06',55),('2019-01-05 19:37:07',1),('2019-01-05 19:37:07',54),('2019-01-05 19:37:07',55),('2019-01-05 19:37:07',1),('2019-01-05 19:37:07',54),('2019-01-05 19:37:07',55),('2019-01-05 19:37:07',1),('2019-01-05 19:37:07',54),('2019-01-05 19:37:07',55),('2019-01-05 19:37:07',1),('2019-01-05 19:37:07',54),('2019-01-05 19:37:07',55),('2019-01-05 19:37:07',1),('2019-01-05 19:37:08',54),('2019-01-05 19:37:08',55),('2019-01-05 19:37:08',1),('2019-01-05 19:37:08',54),('2019-01-05 19:37:08',55),('2019-01-05 19:37:09',1),('2019-01-05 19:37:09',54),('2019-01-05 19:37:09',55),('2019-01-05 19:37:10',1),('2019-01-05 19:37:10',54),('2019-01-05 19:37:10',55),('2019-01-05 19:37:10',1),('2019-01-05 19:37:10',54),('2019-01-05 19:37:10',55),('2019-01-05 19:37:10',1),('2019-01-05 19:37:11',54),('2019-01-05 19:37:11',55),('2019-01-05 19:39:11',1),('2019-01-05 19:39:11',54),('2019-01-05 19:39:11',55),('2019-01-05 19:42:51',1),('2019-01-05 19:42:51',54),('2019-01-05 19:42:51',55),('2019-01-05 19:43:27',1),('2019-01-05 19:43:27',54),('2019-01-05 19:43:27',55),('2019-01-05 19:44:24',1),('2019-01-05 19:44:24',54),('2019-01-05 19:44:24',55),('2019-01-05 19:45:28',1),('2019-01-05 19:45:28',54),('2019-01-05 19:45:28',55),('2019-01-05 19:46:39',1),('2019-01-05 19:46:39',54),('2019-01-05 19:46:39',55),('2019-01-05 19:48:37',1),('2019-01-05 19:48:38',54),('2019-01-05 19:48:38',55),('2019-01-05 19:49:43',1),('2019-01-05 19:49:43',54),('2019-01-05 19:49:43',55),('2019-01-05 19:50:12',1),('2019-01-05 19:50:13',54),('2019-01-05 19:50:13',55),('2019-01-05 19:50:21',1),('2019-01-05 19:50:21',54),('2019-01-05 19:50:21',55),('2019-01-05 19:50:21',1),('2019-01-05 19:50:21',54),('2019-01-05 19:50:21',55),('2019-01-05 19:50:23',1),('2019-01-05 19:50:23',54),('2019-01-05 19:50:23',55),('2019-01-05 19:50:23',1),('2019-01-05 19:50:23',54),('2019-01-05 19:50:24',55),('2019-01-05 19:50:24',1),('2019-01-05 19:50:24',54),('2019-01-05 19:50:24',55),('2019-01-05 19:50:24',1),('2019-01-05 19:50:24',54),('2019-01-05 19:50:24',55),('2019-01-05 19:50:24',1),('2019-01-05 19:50:24',54),('2019-01-05 19:50:25',55),('2019-01-05 19:50:25',1),('2019-01-05 19:50:25',54),('2019-01-05 19:50:25',55),('2019-01-05 19:50:25',1),('2019-01-05 19:50:25',54),('2019-01-05 19:50:25',55),('2019-01-05 19:50:25',1),('2019-01-05 19:50:25',54),('2019-01-05 19:50:25',55),('2019-01-05 19:50:26',1),('2019-01-05 19:50:26',54),('2019-01-05 19:50:26',55),('2019-01-05 19:50:26',1),('2019-01-05 19:50:26',54),('2019-01-05 19:50:26',55),('2019-01-05 19:50:27',1),('2019-01-05 19:50:27',54),('2019-01-05 19:50:27',55),('2019-01-05 19:50:27',1),('2019-01-05 19:50:27',54),('2019-01-05 19:50:27',55),('2019-01-05 19:50:27',1),('2019-01-05 19:50:27',54),('2019-01-05 19:50:27',55),('2019-01-05 19:51:41',1),('2019-01-05 19:51:41',54),('2019-01-05 19:51:41',55),('2019-01-05 19:52:36',1),('2019-01-05 19:52:36',54),('2019-01-05 19:52:36',55),('2019-01-05 19:52:52',1),('2019-01-05 19:52:52',54),('2019-01-05 19:52:52',55),('2019-01-05 19:53:16',1),('2019-01-05 19:53:17',54),('2019-01-05 19:53:17',55),('2019-01-05 19:53:30',1),('2019-01-05 19:53:30',54),('2019-01-05 19:53:30',55),('2019-01-05 19:54:01',1),('2019-01-05 19:54:01',54),('2019-01-05 19:54:01',55),('2019-01-05 19:54:01',1),('2019-01-05 19:54:01',54),('2019-01-05 19:54:01',55),('2019-01-05 19:54:01',1),('2019-01-05 19:54:02',54),('2019-01-05 19:54:02',55),('2019-01-05 19:54:04',1),('2019-01-05 19:54:04',54),('2019-01-05 19:54:04',55),('2019-01-05 19:54:05',1),('2019-01-05 19:54:05',54),('2019-01-05 19:54:05',55),('2019-01-05 19:54:05',1),('2019-01-05 19:54:05',54),('2019-01-05 19:54:05',55),('2019-01-05 19:54:05',1),('2019-01-05 19:54:05',54),('2019-01-05 19:54:05',55),('2019-01-05 19:54:06',1),('2019-01-05 19:54:06',54),('2019-01-05 19:54:06',55),('2019-01-05 19:54:06',1),('2019-01-05 19:54:06',54),('2019-01-05 19:54:06',55),('2019-01-05 19:54:06',1),('2019-01-05 19:54:07',54),('2019-01-05 19:54:07',55),('2019-01-05 19:54:07',1),('2019-01-05 19:54:07',54),('2019-01-05 19:54:07',55),('2019-01-05 19:54:08',1),('2019-01-05 19:54:08',54),('2019-01-05 19:54:08',55),('2019-01-05 19:54:08',1),('2019-01-05 19:54:08',54),('2019-01-05 19:54:08',55),('2019-01-05 19:54:08',1),('2019-01-05 19:54:08',54),('2019-01-05 19:54:08',55),('2019-01-05 19:54:09',1),('2019-01-05 19:54:09',54),('2019-01-05 19:54:09',55),('2019-01-05 19:54:42',1),('2019-01-05 19:54:42',54),('2019-01-05 19:54:42',55),('2019-01-05 19:58:49',1),('2019-01-05 19:58:49',54),('2019-01-05 19:58:49',55),('2019-01-05 19:58:53',1),('2019-01-05 19:58:53',54),('2019-01-05 19:58:53',55),('2019-01-05 19:58:53',1),('2019-01-05 19:58:53',54),('2019-01-05 19:58:53',55),('2019-01-05 19:58:54',1),('2019-01-05 19:58:54',54),('2019-01-05 19:58:54',55),('2019-01-05 19:58:54',1),('2019-01-05 19:58:54',54),('2019-01-05 19:58:54',55),('2019-01-05 19:58:55',1),('2019-01-05 19:58:55',54),('2019-01-05 19:58:55',55),('2019-01-05 19:58:55',1),('2019-01-05 19:58:55',54),('2019-01-05 19:58:55',55),('2019-01-05 19:58:55',1),('2019-01-05 19:58:55',54),('2019-01-05 19:58:55',55),('2019-01-05 19:58:56',1),('2019-01-05 19:58:56',54),('2019-01-05 19:58:56',55),('2019-01-05 19:58:56',1),('2019-01-05 19:58:56',54),('2019-01-05 19:58:56',55),('2019-01-05 19:58:56',1),('2019-01-05 19:58:56',54),('2019-01-05 19:58:56',55),('2019-01-05 19:58:57',1),('2019-01-05 19:58:59',54),('2019-01-05 19:58:59',55),('2019-01-05 19:58:59',1),('2019-01-05 19:58:59',54),('2019-01-05 19:58:59',55),('2019-01-05 19:58:59',1),('2019-01-05 19:58:59',54),('2019-01-05 19:58:59',55),('2019-01-05 19:59:00',1),('2019-01-05 19:59:00',54),('2019-01-05 19:59:00',55),('2019-01-05 19:59:00',1),('2019-01-05 19:59:00',54),('2019-01-05 19:59:00',55),('2019-01-07 05:52:07',54),('2019-01-07 10:37:01',54),('2019-01-07 11:15:03',76),('2019-01-07 11:43:13',76),('2019-01-07 12:02:59',54),('2019-01-07 12:03:03',55),('2019-01-07 12:04:22',54),('2019-01-07 12:07:13',54),('2019-01-10 09:12:26',1),('2019-01-10 09:12:26',54),('2019-01-10 09:12:26',55),('2019-01-10 09:12:26',1),('2019-01-10 09:12:26',54),('2019-01-10 09:12:26',55),('2019-01-10 09:12:26',1),('2019-01-10 09:12:26',54),('2019-01-10 09:12:26',55),('2019-01-10 09:12:26',1),('2019-01-10 09:12:26',54),('2019-01-10 09:12:26',55),('2019-01-10 09:12:27',1),('2019-01-10 09:12:27',54),('2019-01-10 09:12:27',55),('2019-01-10 09:12:27',1),('2019-01-10 09:12:27',54),('2019-01-10 09:12:27',55),('2019-01-10 09:12:27',1),('2019-01-10 09:12:27',54),('2019-01-10 09:12:27',55),('2019-01-10 09:12:27',1),('2019-01-10 09:12:27',54),('2019-01-10 09:12:27',55),('2019-01-10 09:12:27',1),('2019-01-10 09:12:27',54),('2019-01-10 09:12:27',55),('2019-01-10 09:12:27',1),('2019-01-10 09:12:27',54),('2019-01-10 09:12:27',55),('2019-01-10 09:12:27',1),('2019-01-10 09:12:27',54),('2019-01-10 09:12:27',55),('2019-01-10 09:12:27',1),('2019-01-10 09:12:27',54),('2019-01-10 09:12:27',55),('2019-01-10 09:12:28',1),('2019-01-10 09:12:28',54),('2019-01-10 09:12:28',55),('2019-01-10 09:12:28',1),('2019-01-10 09:12:28',54),('2019-01-10 09:12:28',55),('2019-01-10 09:12:28',1),('2019-01-10 09:12:28',54),('2019-01-10 09:12:28',55),('2019-01-10 09:35:54',1),('2019-01-10 09:35:54',54),('2019-01-10 09:35:54',55),('2019-01-10 09:35:54',1),('2019-01-10 09:35:54',54),('2019-01-10 09:35:54',55),('2019-01-10 09:35:54',1),('2019-01-10 09:35:54',54),('2019-01-10 09:35:54',55),('2019-01-10 09:35:54',1),('2019-01-10 09:35:54',54),('2019-01-10 09:35:54',55),('2019-01-10 09:35:55',1),('2019-01-10 09:35:55',54),('2019-01-10 09:35:55',55),('2019-01-10 09:35:55',1),('2019-01-10 09:35:55',54),('2019-01-10 09:35:55',55),('2019-01-10 09:35:55',1),('2019-01-10 09:35:55',54),('2019-01-10 09:35:55',55),('2019-01-10 09:35:55',1),('2019-01-10 09:35:55',54),('2019-01-10 09:35:55',55),('2019-01-10 09:35:55',1),('2019-01-10 09:35:55',54),('2019-01-10 09:35:55',55),('2019-01-10 09:35:55',1),('2019-01-10 09:35:55',54),('2019-01-10 09:35:55',55),('2019-01-10 09:35:55',1),('2019-01-10 09:35:55',54),('2019-01-10 09:35:55',55),('2019-01-10 09:35:56',1),('2019-01-10 09:35:56',54),('2019-01-10 09:35:56',55),('2019-01-10 09:35:56',1),('2019-01-10 09:35:56',54),('2019-01-10 09:35:56',55),('2019-01-10 09:35:56',1),('2019-01-10 09:35:56',54),('2019-01-10 09:35:56',55),('2019-01-10 09:35:56',1),('2019-01-10 09:35:56',54),('2019-01-10 09:35:56',55),('2019-01-10 09:36:25',1),('2019-01-10 09:36:25',54),('2019-01-10 09:36:25',55),('2019-01-10 09:38:20',1),('2019-01-10 09:38:20',54),('2019-01-10 09:38:20',55),('2019-01-10 09:38:28',1),('2019-01-10 09:38:28',54),('2019-01-10 09:38:28',55),('2019-01-10 09:38:28',1),('2019-01-10 09:38:28',54),('2019-01-10 09:38:28',55),('2019-01-10 09:38:29',1),('2019-01-10 09:38:29',54),('2019-01-10 09:38:29',55),('2019-01-10 09:38:29',1),('2019-01-10 09:38:29',54),('2019-01-10 09:38:29',55),('2019-01-10 09:38:29',1),('2019-01-10 09:38:29',54),('2019-01-10 09:38:29',55),('2019-01-10 09:38:29',1),('2019-01-10 09:38:29',54),('2019-01-10 09:38:29',55),('2019-01-10 09:38:29',1),('2019-01-10 09:38:29',54),('2019-01-10 09:38:29',55),('2019-01-10 09:38:30',1),('2019-01-10 09:38:30',54),('2019-01-10 09:38:30',55),('2019-01-10 09:38:30',1),('2019-01-10 09:38:30',54),('2019-01-10 09:38:30',55),('2019-01-10 09:38:30',1),('2019-01-10 09:38:30',54),('2019-01-10 09:38:30',55),('2019-01-10 09:38:30',1),('2019-01-10 09:38:30',54),('2019-01-10 09:38:30',55),('2019-01-10 09:38:30',1),('2019-01-10 09:38:30',54),('2019-01-10 09:38:30',55),('2019-01-10 09:38:30',1),('2019-01-10 09:38:30',54),('2019-01-10 09:38:30',55),('2019-01-10 09:38:31',1),('2019-01-10 09:38:31',54),('2019-01-10 09:38:31',55),('2019-01-10 09:38:31',1),('2019-01-10 09:38:31',54),('2019-01-10 09:38:31',55),('2019-01-11 11:30:06',76),('2019-01-11 11:32:14',54),('2019-01-11 11:33:11',76),('2019-01-11 11:41:00',54),('2019-01-11 11:41:00',54),('2019-01-11 11:41:00',54),('2019-01-11 11:41:00',54),('2019-01-11 11:41:00',54),('2019-01-11 11:41:00',54),('2019-01-11 11:41:00',54),('2019-01-11 11:41:00',54),('2019-01-11 11:41:00',54),('2019-01-11 11:41:00',54),('2019-01-11 12:16:13',76),('2019-01-11 13:39:35',54),('2019-01-11 14:17:08',54),('2019-01-11 14:17:18',76),('2019-01-11 14:28:09',76),('2019-01-11 14:28:17',76),('2019-01-11 14:28:46',55),('2019-01-11 14:29:04',76),('2019-01-11 14:29:23',76),('2019-01-11 14:29:35',55),('2019-01-11 15:27:37',76),('2019-01-11 15:28:53',54),('2019-01-11 15:30:56',76),('2019-01-11 18:43:35',1),('2019-01-11 19:45:23',1),('2019-01-11 19:45:23',54),('2019-01-11 19:45:23',55),('2019-01-11 19:45:24',1),('2019-01-11 19:45:24',54),('2019-01-11 19:45:24',55),('2019-01-11 19:45:25',1),('2019-01-11 19:45:25',54),('2019-01-11 19:45:25',55),('2019-01-11 19:45:25',1),('2019-01-11 19:45:25',54),('2019-01-11 19:45:25',55),('2019-01-11 19:45:26',1),('2019-01-11 19:45:26',54),('2019-01-11 19:45:26',55),('2019-01-11 19:45:26',1),('2019-01-11 19:45:26',54),('2019-01-11 19:45:26',55),('2019-01-11 19:45:26',1),('2019-01-11 19:45:26',54),('2019-01-11 19:45:26',55),('2019-01-11 19:45:26',1),('2019-01-11 19:45:26',54),('2019-01-11 19:45:26',55),('2019-01-11 19:45:26',1),('2019-01-11 19:45:26',54),('2019-01-11 19:45:26',55),('2019-01-11 19:45:26',1),('2019-01-11 19:45:26',54),('2019-01-11 19:45:26',55),('2019-01-11 19:45:27',1),('2019-01-11 19:45:27',54),('2019-01-11 19:45:27',55),('2019-01-11 19:45:28',1),('2019-01-11 19:45:28',54),('2019-01-11 19:45:28',55),('2019-01-11 19:45:28',1),('2019-01-11 19:45:28',54),('2019-01-11 19:45:28',55),('2019-01-11 19:45:28',1),('2019-01-11 19:45:28',54),('2019-01-11 19:45:28',55),('2019-01-11 19:45:28',1),('2019-01-11 19:45:28',54),('2019-01-11 19:45:28',55),('2019-01-11 19:46:15',1),('2019-01-11 19:46:15',54),('2019-01-11 19:46:15',55),('2019-01-11 19:46:16',1),('2019-01-11 19:46:16',54),('2019-01-11 19:46:16',55),('2019-01-11 19:46:16',1),('2019-01-11 19:46:16',54),('2019-01-11 19:46:16',55),('2019-01-11 19:46:16',1),('2019-01-11 19:46:16',54),('2019-01-11 19:46:16',55),('2019-01-11 19:46:18',1),('2019-01-11 19:46:18',54),('2019-01-11 19:46:18',55),('2019-01-11 19:46:18',1),('2019-01-11 19:46:18',54),('2019-01-11 19:46:18',55),('2019-01-11 19:46:18',1),('2019-01-11 19:46:18',54),('2019-01-11 19:46:18',55),('2019-01-11 19:46:18',1),('2019-01-11 19:46:18',54),('2019-01-11 19:46:18',55),('2019-01-11 19:46:19',1),('2019-01-11 19:46:19',54),('2019-01-11 19:46:19',55),('2019-01-11 19:46:19',1),('2019-01-11 19:46:19',54),('2019-01-11 19:46:19',55),('2019-01-11 19:46:19',1),('2019-01-11 19:46:19',54),('2019-01-11 19:46:19',55),('2019-01-11 19:46:20',1),('2019-01-11 19:46:20',54),('2019-01-11 19:46:20',55),('2019-01-11 19:46:20',1),('2019-01-11 19:46:20',54),('2019-01-11 19:46:20',55),('2019-01-11 19:46:20',1),('2019-01-11 19:46:20',54),('2019-01-11 19:46:20',55),('2019-01-11 19:46:20',1),('2019-01-11 19:46:20',54),('2019-01-11 19:46:20',55),('2019-01-11 19:46:55',1),('2019-01-11 19:46:55',54),('2019-01-11 19:46:55',55),('2019-01-11 19:46:55',1),('2019-01-11 19:46:55',54),('2019-01-11 19:46:55',55),('2019-01-11 19:46:55',1),('2019-01-11 19:46:55',54),('2019-01-11 19:46:55',55),('2019-01-11 19:47:03',1),('2019-01-11 19:47:04',54),('2019-01-11 19:47:04',55),('2019-01-11 19:48:57',1),('2019-01-11 19:48:57',54),('2019-01-11 19:48:57',55),('2019-01-11 19:49:06',1),('2019-01-11 19:49:06',54),('2019-01-11 19:49:06',55),('2019-01-11 19:49:06',1),('2019-01-11 19:49:06',54),('2019-01-11 19:49:06',55),('2019-01-11 19:49:06',1),('2019-01-11 19:49:07',54),('2019-01-11 19:49:07',55),('2019-01-11 19:49:07',1),('2019-01-11 19:49:07',54),('2019-01-11 19:49:07',55),('2019-01-11 19:49:07',1),('2019-01-11 19:49:07',54),('2019-01-11 19:49:07',55),('2019-01-11 19:49:07',1),('2019-01-11 19:49:07',54),('2019-01-11 19:49:07',55),('2019-01-11 19:49:08',1),('2019-01-11 19:49:08',54),('2019-01-11 19:49:08',55),('2019-01-11 19:49:08',1),('2019-01-11 19:49:08',54),('2019-01-11 19:49:08',55),('2019-01-11 19:49:08',1),('2019-01-11 19:49:08',54),('2019-01-11 19:49:08',55),('2019-01-11 19:49:08',1),('2019-01-11 19:49:08',54),('2019-01-11 19:49:08',55),('2019-01-11 19:49:08',1),('2019-01-11 19:49:08',54),('2019-01-11 19:49:08',55),('2019-01-11 19:49:09',1),('2019-01-11 19:49:09',54),('2019-01-11 19:49:09',55),('2019-01-11 19:49:09',1),('2019-01-11 19:49:09',54),('2019-01-11 19:49:09',55),('2019-01-11 19:49:09',1),('2019-01-11 19:49:09',54),('2019-01-11 19:49:09',55),('2019-01-11 19:49:09',1),('2019-01-11 19:49:09',54),('2019-01-11 19:49:09',55),('2019-01-11 19:49:55',1),('2019-01-11 19:49:55',54),('2019-01-11 19:49:55',55),('2019-01-11 19:50:21',1),('2019-01-11 19:50:21',54),('2019-01-11 19:50:21',55),('2019-01-11 19:50:42',1),('2019-01-11 19:50:42',54),('2019-01-11 19:50:42',55),('2019-01-11 20:42:12',1),('2019-01-11 20:42:13',54),('2019-01-11 20:42:13',55),('2019-01-11 20:42:13',1),('2019-01-11 20:42:13',54),('2019-01-11 20:42:13',55),('2019-01-11 20:42:13',1),('2019-01-11 20:42:13',54),('2019-01-11 20:42:13',55),('2019-01-11 20:42:13',1),('2019-01-11 20:42:13',54),('2019-01-11 20:42:13',55),('2019-01-11 20:42:13',1),('2019-01-11 20:42:13',54),('2019-01-11 20:42:13',55),('2019-01-11 20:42:13',1),('2019-01-11 20:42:13',54),('2019-01-11 20:42:13',55),('2019-01-11 20:42:13',1),('2019-01-11 20:42:14',54),('2019-01-11 20:42:14',55),('2019-01-11 20:42:14',1),('2019-01-11 20:42:14',54),('2019-01-11 20:42:14',55),('2019-01-11 20:42:14',1),('2019-01-11 20:42:14',54),('2019-01-11 20:42:14',55),('2019-01-11 20:42:14',1),('2019-01-11 20:42:14',54),('2019-01-11 20:42:14',55),('2019-01-11 20:42:14',1),('2019-01-11 20:42:14',54),('2019-01-11 20:42:14',55),('2019-01-11 20:42:14',1),('2019-01-11 20:42:14',54),('2019-01-11 20:42:14',55),('2019-01-11 20:42:14',1),('2019-01-11 20:42:14',54),('2019-01-11 20:42:14',55),('2019-01-11 20:42:15',1),('2019-01-11 20:42:15',54),('2019-01-11 20:42:15',55),('2019-01-11 20:42:15',1),('2019-01-11 20:42:15',54),('2019-01-11 20:42:15',55),('2019-01-11 20:42:40',1),('2019-01-11 20:42:40',54),('2019-01-11 20:42:40',55),('2019-01-11 20:43:13',1),('2019-01-11 20:43:13',54),('2019-01-11 20:43:13',55),('2019-01-11 20:43:16',1),('2019-01-11 20:43:16',54),('2019-01-11 20:43:16',55),('2019-01-11 20:43:16',1),('2019-01-11 20:43:16',54),('2019-01-11 20:43:17',55),('2019-01-11 20:43:17',1),('2019-01-11 20:43:17',54),('2019-01-11 20:43:17',55),('2019-01-11 20:43:17',1),('2019-01-11 20:43:17',54),('2019-01-11 20:43:17',55),('2019-01-11 20:43:17',1),('2019-01-11 20:43:17',54),('2019-01-11 20:43:17',55),('2019-01-11 20:43:17',1),('2019-01-11 20:43:17',54),('2019-01-11 20:43:17',55),('2019-01-11 20:43:17',1),('2019-01-11 20:43:17',54),('2019-01-11 20:43:17',55),('2019-01-11 20:43:17',1),('2019-01-11 20:43:17',54),('2019-01-11 20:43:18',55),('2019-01-11 20:43:18',1),('2019-01-11 20:43:18',54),('2019-01-11 20:43:18',55),('2019-01-11 20:43:18',1),('2019-01-11 20:43:18',54),('2019-01-11 20:43:18',55),('2019-01-11 20:43:18',1),('2019-01-11 20:43:18',54),('2019-01-11 20:43:18',55),('2019-01-11 20:43:18',1),('2019-01-11 20:43:18',54),('2019-01-11 20:43:18',55),('2019-01-11 20:43:18',1),('2019-01-11 20:43:18',54),('2019-01-11 20:43:18',55),('2019-01-11 20:43:18',1),('2019-01-11 20:43:18',54),('2019-01-11 20:43:18',55),('2019-01-11 20:43:18',1),('2019-01-11 20:43:18',54),('2019-01-11 20:43:18',55),('2019-01-11 22:28:01',76),('2019-01-11 22:29:27',76),('2019-01-11 22:53:10',1),('2019-01-11 22:58:17',1),('2019-01-12 09:53:36',1),('2019-01-12 09:53:36',54),('2019-01-12 09:53:36',55),('2019-01-12 09:53:53',1),('2019-01-12 09:53:53',54),('2019-01-12 09:53:53',55),('2019-01-12 09:53:55',1),('2019-01-12 09:53:55',54),('2019-01-12 09:53:55',55),('2019-01-12 09:58:24',1),('2019-01-12 09:58:24',54),('2019-01-12 09:58:24',55),('2019-01-12 09:58:46',1),('2019-01-12 09:58:46',54),('2019-01-12 09:58:46',55),('2019-01-12 09:59:01',1),('2019-01-12 09:59:01',54),('2019-01-12 09:59:01',55),('2019-01-12 10:00:08',1),('2019-01-12 10:00:08',54),('2019-01-12 10:00:08',55),('2019-01-12 10:00:14',1),('2019-01-12 10:00:14',54),('2019-01-12 10:00:14',55),('2019-01-12 10:00:47',1),('2019-01-12 10:00:47',54),('2019-01-12 10:00:47',55),('2019-01-12 10:00:47',1),('2019-01-12 10:00:47',54),('2019-01-12 10:00:47',55),('2019-01-12 10:00:48',1),('2019-01-12 10:00:48',54),('2019-01-12 10:00:48',55),('2019-01-12 10:00:48',1),('2019-01-12 10:00:48',54),('2019-01-12 10:00:48',55),('2019-01-12 10:00:48',1),('2019-01-12 10:00:48',54),('2019-01-12 10:00:48',55),('2019-01-12 10:00:49',1),('2019-01-12 10:00:49',54),('2019-01-12 10:00:49',55),('2019-01-12 10:00:49',1),('2019-01-12 10:00:49',54),('2019-01-12 10:00:49',55),('2019-01-12 10:00:49',1),('2019-01-12 10:00:49',54),('2019-01-12 10:00:49',55),('2019-01-12 10:00:49',1),('2019-01-12 10:00:49',54),('2019-01-12 10:00:49',55),('2019-01-12 10:00:49',1),('2019-01-12 10:00:49',54),('2019-01-12 10:00:49',55),('2019-01-12 10:00:50',1),('2019-01-12 10:00:50',54),('2019-01-12 10:00:50',55),('2019-01-12 10:00:50',1),('2019-01-12 10:00:50',54),('2019-01-12 10:00:50',55),('2019-01-12 10:00:51',1),('2019-01-12 10:00:51',54),('2019-01-12 10:00:51',55),('2019-01-12 10:00:51',1),('2019-01-12 10:00:51',54),('2019-01-12 10:00:51',55),('2019-01-12 10:00:51',1),('2019-01-12 10:00:51',54),('2019-01-12 10:00:51',55),('2019-01-12 10:00:51',1),('2019-01-12 10:00:51',54),('2019-01-12 10:00:51',55),('2019-01-12 10:04:00',1),('2019-01-12 10:04:00',54),('2019-01-12 10:04:00',55),('2019-01-12 10:04:40',1),('2019-01-12 10:04:40',54),('2019-01-12 10:04:40',55),('2019-01-12 10:07:09',1),('2019-01-12 10:07:09',54),('2019-01-12 10:07:09',55),('2019-01-12 10:08:52',1),('2019-01-12 10:08:52',54),('2019-01-12 10:08:52',55),('2019-01-12 10:09:17',1),('2019-01-12 10:09:17',54),('2019-01-12 10:09:17',55),('2019-01-12 10:09:57',1),('2019-01-12 10:09:57',54),('2019-01-12 10:09:57',55),('2019-01-12 10:10:02',1),('2019-01-12 10:10:02',54),('2019-01-12 10:10:02',55),('2019-01-12 10:10:02',1),('2019-01-12 10:10:02',54),('2019-01-12 10:10:02',55),('2019-01-12 10:10:02',1),('2019-01-12 10:10:02',54),('2019-01-12 10:10:02',55),('2019-01-12 10:10:03',1),('2019-01-12 10:10:03',54),('2019-01-12 10:10:03',55),('2019-01-12 10:10:03',1),('2019-01-12 10:10:03',54),('2019-01-12 10:10:03',55),('2019-01-12 10:10:03',1),('2019-01-12 10:10:03',54),('2019-01-12 10:10:03',55),('2019-01-12 10:10:03',1),('2019-01-12 10:10:03',54),('2019-01-12 10:10:03',55),('2019-01-12 10:10:03',1),('2019-01-12 10:10:03',54),('2019-01-12 10:10:03',55),('2019-01-12 10:10:03',1),('2019-01-12 10:10:03',54),('2019-01-12 10:10:03',55),('2019-01-12 10:10:03',1),('2019-01-12 10:10:03',54),('2019-01-12 10:10:03',55),('2019-01-12 10:10:04',1),('2019-01-12 10:10:04',54),('2019-01-12 10:10:04',55),('2019-01-12 10:10:04',1),('2019-01-12 10:10:04',54),('2019-01-12 10:10:04',55),('2019-01-12 10:10:04',1),('2019-01-12 10:10:04',54),('2019-01-12 10:10:04',55),('2019-01-12 10:10:05',1),('2019-01-12 10:10:05',54),('2019-01-12 10:10:05',55),('2019-01-12 10:10:05',1),('2019-01-12 10:10:05',54),('2019-01-12 10:10:05',55),('2019-01-12 10:10:05',1),('2019-01-12 10:10:05',54),('2019-01-12 10:10:05',55),('2019-01-12 10:44:17',53),('2019-01-12 10:47:21',1),('2019-01-12 10:47:21',53),('2019-01-12 10:47:21',54),('2019-01-12 10:47:21',55),('2019-01-12 10:47:21',1),('2019-01-12 10:47:21',53),('2019-01-12 10:47:22',54),('2019-01-12 10:47:22',55),('2019-01-12 10:47:22',1),('2019-01-12 10:47:22',53),('2019-01-12 10:47:22',54),('2019-01-12 10:47:22',55),('2019-01-12 10:47:22',199),('2019-01-12 10:47:22',200),('2019-01-12 10:47:22',201),('2019-01-12 10:47:22',202),('2019-01-12 10:47:23',203),('2019-01-12 10:47:23',204),('2019-01-12 10:47:23',205),('2019-01-12 10:47:23',1),('2019-01-12 10:47:23',53),('2019-01-12 10:47:23',54),('2019-01-12 10:47:23',55),('2019-01-12 10:47:23',206),('2019-01-12 10:47:24',1),('2019-01-12 10:47:24',53),('2019-01-12 10:47:24',54),('2019-01-12 10:47:24',55),('2019-01-12 10:47:24',1),('2019-01-12 10:47:24',53),('2019-01-12 10:47:24',54),('2019-01-12 10:47:24',55),('2019-01-12 10:47:24',1),('2019-01-12 10:47:24',53),('2019-01-12 10:47:24',54),('2019-01-12 10:47:24',55),('2019-01-12 10:47:24',1),('2019-01-12 10:47:25',53),('2019-01-12 10:47:25',54),('2019-01-12 10:47:25',55),('2019-01-12 10:47:25',1),('2019-01-12 10:47:25',53),('2019-01-12 10:47:25',54),('2019-01-12 10:47:25',55),('2019-01-12 10:47:25',1),('2019-01-12 10:47:25',53),('2019-01-12 10:47:25',54),('2019-01-12 10:47:25',55),('2019-01-12 10:47:27',1),('2019-01-12 10:47:27',53),('2019-01-12 10:47:27',54),('2019-01-12 10:47:27',55),('2019-01-12 10:47:28',1),('2019-01-12 10:47:28',53),('2019-01-12 10:47:28',54),('2019-01-12 10:47:28',55),('2019-01-12 10:47:29',1),('2019-01-12 10:47:29',53),('2019-01-12 10:47:29',54),('2019-01-12 10:47:29',55),('2019-01-12 10:47:29',1),('2019-01-12 10:47:29',53),('2019-01-12 10:47:29',54),('2019-01-12 10:47:29',55),('2019-01-12 10:47:30',1),('2019-01-12 10:47:30',53),('2019-01-12 10:47:30',54),('2019-01-12 10:47:30',55),('2019-01-12 10:47:30',1),('2019-01-12 10:47:30',53),('2019-01-12 10:47:30',54),('2019-01-12 10:47:30',55),('2019-01-12 10:48:29',1),('2019-01-12 10:48:29',53),('2019-01-12 10:48:29',54),('2019-01-12 10:48:29',55),('2019-01-12 10:48:37',1),('2019-01-12 10:48:38',53),('2019-01-12 10:48:38',54),('2019-01-12 10:48:38',55),('2019-01-12 10:48:38',1),('2019-01-12 10:48:38',53),('2019-01-12 10:48:38',54),('2019-01-12 10:48:38',55),('2019-01-12 10:48:38',1),('2019-01-12 10:48:38',53),('2019-01-12 10:48:38',54),('2019-01-12 10:48:38',55),('2019-01-12 10:48:38',207),('2019-01-12 10:48:38',208),('2019-01-12 10:48:38',209),('2019-01-12 10:48:39',210),('2019-01-12 10:48:39',211),('2019-01-12 10:48:39',212),('2019-01-12 10:48:39',213),('2019-01-12 10:48:39',1),('2019-01-12 10:48:39',53),('2019-01-12 10:48:39',54),('2019-01-12 10:48:39',55),('2019-01-12 10:48:39',214),('2019-01-12 10:48:40',1),('2019-01-12 10:48:40',53),('2019-01-12 10:48:40',54),('2019-01-12 10:48:40',55),('2019-01-12 10:48:40',1),('2019-01-12 10:48:40',53),('2019-01-12 10:48:40',54),('2019-01-12 10:48:40',55),('2019-01-12 10:48:40',1),('2019-01-12 10:48:40',53),('2019-01-12 10:48:40',54),('2019-01-12 10:48:40',55),('2019-01-12 10:48:40',1),('2019-01-12 10:48:40',53),('2019-01-12 10:48:40',54),('2019-01-12 10:48:40',55),('2019-01-12 10:48:40',1),('2019-01-12 10:48:40',53),('2019-01-12 10:48:40',54),('2019-01-12 10:48:41',55),('2019-01-12 10:48:41',1),('2019-01-12 10:48:41',53),('2019-01-12 10:48:41',54),('2019-01-12 10:48:41',55),('2019-01-12 10:48:41',1),('2019-01-12 10:48:41',53),('2019-01-12 10:48:41',54),('2019-01-12 10:48:41',55),('2019-01-12 10:48:42',1),('2019-01-12 10:48:42',53),('2019-01-12 10:48:42',54),('2019-01-12 10:48:42',55),('2019-01-12 10:48:43',1),('2019-01-12 10:48:43',53),('2019-01-12 10:48:43',54),('2019-01-12 10:48:43',55),('2019-01-12 10:48:43',1),('2019-01-12 10:48:43',53),('2019-01-12 10:48:43',54),('2019-01-12 10:48:43',55),('2019-01-12 10:48:43',1),('2019-01-12 10:48:44',53),('2019-01-12 10:48:44',54),('2019-01-12 10:48:44',55),('2019-01-12 10:48:44',1),('2019-01-12 10:48:44',53),('2019-01-12 10:48:44',54),('2019-01-12 10:48:44',55),('2019-01-12 11:09:59',1),('2019-01-12 11:10:00',53),('2019-01-12 11:10:00',54),('2019-01-12 11:10:00',55),('2019-01-12 11:10:02',1),('2019-01-12 11:10:02',53),('2019-01-12 11:10:02',54),('2019-01-12 11:10:02',55),('2019-01-12 11:10:02',1),('2019-01-12 11:10:02',53),('2019-01-12 11:10:02',54),('2019-01-12 11:10:02',55),('2019-01-12 11:10:03',1),('2019-01-12 11:10:03',53),('2019-01-12 11:10:03',54),('2019-01-12 11:10:03',55),('2019-01-12 11:10:03',215),('2019-01-12 11:10:03',216),('2019-01-12 11:10:03',217),('2019-01-12 11:10:03',218),('2019-01-12 11:10:03',219),('2019-01-12 11:10:03',220),('2019-01-12 11:10:03',221),('2019-01-12 11:10:03',1),('2019-01-12 11:10:04',53),('2019-01-12 11:10:04',54),('2019-01-12 11:10:04',55),('2019-01-12 11:10:04',222),('2019-01-12 11:10:04',1),('2019-01-12 11:10:04',53),('2019-01-12 11:10:04',54),('2019-01-12 11:10:04',55),('2019-01-12 11:10:04',1),('2019-01-12 11:10:04',53),('2019-01-12 11:10:04',54),('2019-01-12 11:10:04',55),('2019-01-12 11:10:05',1),('2019-01-12 11:10:05',53),('2019-01-12 11:10:05',54),('2019-01-12 11:10:05',55),('2019-01-12 11:10:05',1),('2019-01-12 11:10:05',53),('2019-01-12 11:10:05',54),('2019-01-12 11:10:05',55),('2019-01-12 11:10:05',1),('2019-01-12 11:10:05',53),('2019-01-12 11:10:05',54),('2019-01-12 11:10:05',55),('2019-01-12 11:10:05',1),('2019-01-12 11:10:05',53),('2019-01-12 11:10:05',54),('2019-01-12 11:10:05',55),('2019-01-12 11:10:06',1),('2019-01-12 11:10:06',53),('2019-01-12 11:10:06',54),('2019-01-12 11:10:06',55),('2019-01-12 11:10:06',1),('2019-01-12 11:10:06',53),('2019-01-12 11:10:06',54),('2019-01-12 11:10:06',55),('2019-01-12 11:10:07',1),('2019-01-12 11:10:07',53),('2019-01-12 11:10:07',54),('2019-01-12 11:10:07',55),('2019-01-12 11:10:08',1),('2019-01-12 11:10:08',53),('2019-01-12 11:10:08',54),('2019-01-12 11:10:08',55),('2019-01-12 11:10:08',1),('2019-01-12 11:10:08',53),('2019-01-12 11:10:08',54),('2019-01-12 11:10:08',55),('2019-01-12 11:10:08',1),('2019-01-12 11:10:08',53),('2019-01-12 11:10:08',54),('2019-01-12 11:10:08',55);
/*!40000 ALTER TABLE `login_log` ENABLE KEYS */;
UNLOCK TABLES;

--
-- Table structure for table `role`
--

DROP TABLE IF EXISTS `role`;
/*!40101 SET @saved_cs_client     = @@character_set_client */;
 SET character_set_client = utf8mb4 ;
CREATE TABLE `role` (
  `role_id` int(11) NOT NULL,
  `role_name` varchar(30) CHARACTER SET utf8 COLLATE utf8_bin DEFAULT NULL,
  `role_description` varchar(200) CHARACTER SET utf8 COLLATE utf8_bin DEFAULT NULL,
  PRIMARY KEY (`role_id`)
) ENGINE=InnoDB DEFAULT CHARSET=utf8 COLLATE=utf8_bin;
/*!40101 SET character_set_client = @saved_cs_client */;

--
-- Dumping data for table `role`
--

LOCK TABLES `role` WRITE;
/*!40000 ALTER TABLE `role` DISABLE KEYS */;
INSERT INTO `role` VALUES (1,'admin','Can delete and grand users. Can create courses'),(2,'moderator','Can create courses'),(4,'docent','Can edit course, can create task for course, grant tutor to other course'),(8,'tutor','Can edit course, can create task for course'),(16,'student',NULL);
/*!40000 ALTER TABLE `role` ENABLE KEYS */;
UNLOCK TABLES;

--
-- Table structure for table `setting`
--

DROP TABLE IF EXISTS `setting`;
/*!40101 SET @saved_cs_client     = @@character_set_client */;
 SET character_set_client = utf8mb4 ;
CREATE TABLE `setting` (
  `setting_key` varchar(200) NOT NULL,
  `setting_val` text,
  `setting_typ` enum('TEXT','BOOL','STRING','INT','FLOAT','DATE','TIMESTAMP') DEFAULT NULL,
  PRIMARY KEY (`setting_key`),
  UNIQUE KEY `setting_setting_key_uindex` (`setting_key`)
) ENGINE=InnoDB DEFAULT CHARSET=utf8mb4 COLLATE=utf8mb4_0900_ai_ci;
/*!40101 SET character_set_client = @saved_cs_client */;

--
-- Dumping data for table `setting`
--

LOCK TABLES `setting` WRITE;
/*!40000 ALTER TABLE `setting` DISABLE KEYS */;
INSERT INTO `setting` VALUES ('privacy.impressum_text','Fatback shank leberkas kielbasa nisi aliqua chicken adipisicing jowl consectetur jerky.  Eiusmod nostrud kielbasa laboris pork chop occaecat proident flank doner consequat voluptate ham sint shank ut.  Pariatur quis short loin tail consectetur.  Pastrami venison leberkas officia turducken deserunt, bresaola bacon irure do adipisicing ipsum quis.  Enim officia est incididunt esse.  Reprehenderit nisi non sint, brisket et landjaeger frankfurter laboris.  Frankfurter in sint, velit shoulder leberkas do.','TEXT'),('privacy.privacy_text','Fatback shank leberkas kielbasa nisi aliqua chicken adipisicing jowl consectetur jerky.  Eiusmod nostrud kielbasa laboris pork chop occaecat proident flank doner consequat voluptate ham sint shank ut.  Pariatur quis short loin tail consectetur.  Pastrami venison leberkas officia turducken deserunt, bresaola bacon irure do adipisicing ipsum quis.  Enim officia est incididunt esse.  Reprehenderit nisi non sint, brisket et landjaeger frankfurter laboris.  Frankfurter in sint, velit shoulder leberkas do.','TEXT'),('privacy.show','1','BOOL');
/*!40000 ALTER TABLE `setting` ENABLE KEYS */;
UNLOCK TABLES;

--
-- Table structure for table `submission`
--

DROP TABLE IF EXISTS `submission`;
/*!40101 SET @saved_cs_client     = @@character_set_client */;
 SET character_set_client = utf8mb4 ;
CREATE TABLE `submission` (
  `submission_id` int(11) NOT NULL AUTO_INCREMENT,
  `passed` tinyint(4) DEFAULT NULL,
  `exitcode` int(5) DEFAULT NULL,
  `result` text,
  `submit_date` timestamp NULL DEFAULT CURRENT_TIMESTAMP,
  `result_date` timestamp NULL DEFAULT NULL,
  `user_id` int(11) DEFAULT NULL,
  `task_id` int(11) DEFAULT NULL,
  `filename` varchar(255) DEFAULT NULL,
  `submission_data` text,
  PRIMARY KEY (`submission_id`),
  KEY `submission_task_taskid_fk` (`task_id`),
  KEY `submission_users_userid_fk` (`user_id`),
  CONSTRAINT `submission_task_taskid_fk` FOREIGN KEY (`task_id`) REFERENCES `task` (`task_id`) ON DELETE CASCADE ON UPDATE CASCADE,
  CONSTRAINT `submission_users_userid_fk` FOREIGN KEY (`user_id`) REFERENCES `user` (`user_id`) ON DELETE CASCADE ON UPDATE CASCADE
) ENGINE=InnoDB AUTO_INCREMENT=295 DEFAULT CHARSET=utf8mb4 COLLATE=utf8mb4_0900_ai_ci;
/*!40101 SET character_set_client = @saved_cs_client */;

--
-- Dumping data for table `submission`
--

LOCK TABLES `submission` WRITE;
/*!40000 ALTER TABLE `submission` DISABLE KEYS */;
INSERT INTO `submission` VALUES (274,NULL,NULL,NULL,'2019-01-11 22:29:33',NULL,76,9,NULL,'2f2d45032dbe9c1b5e9cab6f6059df1d'),(275,NULL,NULL,NULL,'2019-01-11 22:29:47',NULL,76,9,NULL,'2f2d45032dbe9c1b5e9cab6f6059df1d'),(276,NULL,NULL,NULL,'2019-01-11 22:30:40',NULL,76,9,NULL,'2f2d45032dbe9c1b5e9cab6f6059df1d\nand\nmore'),(287,NULL,NULL,NULL,'2019-01-12 10:47:29',NULL,53,10,NULL,'2f2d45032dbe9c1b5e9cab6f6059df1d'),(288,NULL,NULL,NULL,'2019-01-12 10:47:29',NULL,53,12,'sample.sql',NULL),(289,NULL,NULL,NULL,'2019-01-12 10:48:29',NULL,53,10,NULL,'2f2d45032dbe9c1b5e9cab6f6059df1d'),(290,NULL,NULL,NULL,'2019-01-12 10:48:30',NULL,53,12,'sample.sql',NULL),(291,NULL,NULL,NULL,'2019-01-12 10:48:43',NULL,53,10,NULL,'2f2d45032dbe9c1b5e9cab6f6059df1d'),(292,NULL,NULL,NULL,'2019-01-12 10:48:43',NULL,53,12,'sample.sql',NULL),(293,NULL,NULL,NULL,'2019-01-12 11:10:08',NULL,53,10,NULL,'2f2d45032dbe9c1b5e9cab6f6059df1d'),(294,NULL,NULL,NULL,'2019-01-12 11:10:08',NULL,53,12,'sample.sql',NULL);
/*!40000 ALTER TABLE `submission` ENABLE KEYS */;
UNLOCK TABLES;

--
-- Table structure for table `task`
--

DROP TABLE IF EXISTS `task`;
/*!40101 SET @saved_cs_client     = @@character_set_client */;
 SET character_set_client = utf8mb4 ;
CREATE TABLE `task` (
  `task_id` int(11) NOT NULL AUTO_INCREMENT,
  `task_name` varchar(200) DEFAULT NULL,
  `task_description` varchar(200) DEFAULT NULL,
  `course_id` int(11) DEFAULT NULL,
  `test_file_name` varchar(255) DEFAULT NULL,
  `test_type` enum('FILE','STRING') DEFAULT NULL,
  `testsystem_id` varchar(30) DEFAULT NULL,
  `deadline` datetime DEFAULT NULL,
  PRIMARY KEY (`task_id`),
  KEY `task_courses_courseid_fk` (`course_id`),
  KEY `task_testsystem_testsystem_id_fk` (`testsystem_id`),
  CONSTRAINT `task_course_course_id_fk` FOREIGN KEY (`course_id`) REFERENCES `course` (`course_id`) ON DELETE CASCADE ON UPDATE CASCADE,
  CONSTRAINT `task_testsystem_testsystem_id_fk` FOREIGN KEY (`testsystem_id`) REFERENCES `testsystem` (`testsystem_id`) ON DELETE CASCADE ON UPDATE CASCADE
) ENGINE=InnoDB AUTO_INCREMENT=122 DEFAULT CHARSET=utf8mb4 COLLATE=utf8mb4_0900_ai_ci;
/*!40101 SET character_set_client = @saved_cs_client */;

--
-- Dumping data for table `task`
--

LOCK TABLES `task` WRITE;
/*!40000 ALTER TABLE `task` DISABLE KEYS */;
INSERT INTO `task` VALUES (3,'NAME','Anotzher desc',2,'shell.sh','FILE','secrettokenchecker',NULL),(4,'Aufgbe4','USW',2,'bash.sh','FILE','secrettokenchecker',NULL),(7,'Aufgbe7','vfnd hfiods  blib bial üoj',2,'bash1.sh','FILE','secrettokenchecker',NULL),(8,'Aufgbe8','vfnd hfiods  blib bial üoj',2,'bash1.sh','FILE','secrettokenchecker',NULL),(9,'Aufgbe9','vfnd hfiods  blib bial üoj',2,'bash1.sh','FILE','secrettokenchecker',NULL),(10,'Aufgbe10','vfnd hfiods  blib bial üoj',6,'bash1.sh','STRING','secrettokenchecker',NULL),(12,'NAME','Anotzher desc',11,'stopwatch.png','FILE','secrettokenchecker',NULL),(13,'Task No 20181207_160048_UNITTEST','Task by Python. Yay it works',11,'bash_20181207_160048_UNITTEST.docx','STRING','secrettokenchecker',NULL);
/*!40000 ALTER TABLE `task` ENABLE KEYS */;
UNLOCK TABLES;

--
-- Table structure for table `testsystem`
--

DROP TABLE IF EXISTS `testsystem`;
/*!40101 SET @saved_cs_client     = @@character_set_client */;
 SET character_set_client = utf8mb4 ;
CREATE TABLE `testsystem` (
  `testsystem_id` varchar(30) NOT NULL,
  `name` varchar(255) NOT NULL,
  `description` text,
  `supported_formats` varchar(255) DEFAULT NULL COMMENT 'has to be a comma seperated list of values, like: sql, java, php, bash',
  `machine_port` int(11) DEFAULT NULL,
  `machine_ip` varchar(255) DEFAULT NULL,
  PRIMARY KEY (`testsystem_id`),
  UNIQUE KEY `testsystem_testsystem_id_uindex` (`testsystem_id`)
) ENGINE=InnoDB DEFAULT CHARSET=utf8mb4 COLLATE=utf8mb4_0900_ai_ci;
/*!40101 SET character_set_client = @saved_cs_client */;

--
-- Dumping data for table `testsystem`
--

LOCK TABLES `testsystem` WRITE;
/*!40000 ALTER TABLE `testsystem` DISABLE KEYS */;
INSERT INTO `testsystem` VALUES ('java1','Secretoken Checker','Sectretoken','BASH',8000,'000.000.000.000'),('secrettokenchecker','Secretoken Checker','Sectretoken','BASH',8000,'000.000.000.000'),('sqlchecker','a new very checker','XXXXX','.sql, ',1234,'000.000.000.000');
/*!40000 ALTER TABLE `testsystem` ENABLE KEYS */;
UNLOCK TABLES;

--
-- Table structure for table `token`
--

DROP TABLE IF EXISTS `token`;
/*!40101 SET @saved_cs_client     = @@character_set_client */;
 SET character_set_client = utf8mb4 ;
CREATE TABLE `token` (
  `token_hash` varchar(255) NOT NULL,
  `valid_for_id` int(11) NOT NULL,
  `token_type` enum('SUBMISSION_TEST_FILE','TASK_TEST_FILE') DEFAULT NULL COMMENT 'Enum may be extended in future',
  `valid_until` datetime NOT NULL,
  `token_created_stamp` timestamp NULL DEFAULT CURRENT_TIMESTAMP,
  `used` tinyint(1) NOT NULL DEFAULT '0',
  PRIMARY KEY (`token_hash`)
) ENGINE=InnoDB DEFAULT CHARSET=utf8mb4 COLLATE=utf8mb4_0900_ai_ci;
/*!40101 SET character_set_client = @saved_cs_client */;

--
-- Dumping data for table `token`
--

LOCK TABLES `token` WRITE;
/*!40000 ALTER TABLE `token` DISABLE KEYS */;
INSERT INTO `token` VALUES ('17360fd280d3c573e5b4721e1e8ce695a87952c0',120,'TASK_TEST_FILE','2019-01-12 10:53:41','2019-01-12 10:48:41',0),('23e3025584b7714d88d8377e025b3e99f72ccffc',294,'SUBMISSION_TEST_FILE','2019-01-12 11:15:08','2019-01-12 11:10:08',0),('52672f5a49982e2322216010c662504b7aa73cfb',118,'TASK_TEST_FILE','2019-01-12 10:15:03','2019-01-12 10:10:03',0),('582e5550113310825372ef1cfbf7df13f3776998',286,'SUBMISSION_TEST_FILE','2019-01-12 10:15:05','2019-01-12 10:10:05',0),('62d9181c2a30dba57f489b4c3494e3aab86ebb34',121,'TASK_TEST_FILE','2019-01-12 11:15:05','2019-01-12 11:10:05',0),('69d8e60654a0a53e31f312bb8df1f6b27ce1e2b4',284,'SUBMISSION_TEST_FILE','2019-01-12 10:14:57','2019-01-12 10:09:57',0),('7de078dfd48512817a5d97b561d6aa7f260c517b',282,'SUBMISSION_TEST_FILE','2019-01-12 10:14:17','2019-01-12 10:09:17',0),('a9089b6c513b0c8dea91cbd1b9013232d9a5fc39',119,'TASK_TEST_FILE','2019-01-12 10:52:26','2019-01-12 10:47:26',0),('b14ad0d0da0627a1cc321e334433016126173e26',292,'SUBMISSION_TEST_FILE','2019-01-12 10:53:43','2019-01-12 10:48:43',0),('ca17a247825bbaec0a562a4d3878456e3cbd45b7',280,'SUBMISSION_TEST_FILE','2019-01-12 10:13:52','2019-01-12 10:08:52',0),('d4458defd71af6ee6b4bccdd6543a0c773524a3d',288,'SUBMISSION_TEST_FILE','2019-01-12 10:52:29','2019-01-12 10:47:29',0),('eb5e1154e8b58742093c07446bd42065e286afe1',290,'SUBMISSION_TEST_FILE','2019-01-12 10:53:30','2019-01-12 10:48:30',0);
/*!40000 ALTER TABLE `token` ENABLE KEYS */;
UNLOCK TABLES;

--
-- Table structure for table `user`
--

DROP TABLE IF EXISTS `user`;
/*!40101 SET @saved_cs_client     = @@character_set_client */;
 SET character_set_client = utf8mb4 ;
CREATE TABLE `user` (
  `user_id` int(11) NOT NULL AUTO_INCREMENT,
  `prename` varchar(100) DEFAULT NULL,
  `surname` varchar(100) DEFAULT NULL,
  `email` varchar(100) DEFAULT NULL,
  `username` varchar(200) DEFAULT NULL,
  `role_id` int(11) DEFAULT NULL COMMENT 'it is his global role_id',
  PRIMARY KEY (`user_id`),
  KEY `user_role_role_id_fk` (`role_id`),
  CONSTRAINT `user_role_role_id_fk` FOREIGN KEY (`role_id`) REFERENCES `role` (`role_id`) ON DELETE CASCADE ON UPDATE CASCADE
) ENGINE=InnoDB AUTO_INCREMENT=223 DEFAULT CHARSET=utf8mb4 COLLATE=utf8mb4_0900_ai_ci;
/*!40101 SET character_set_client = @saved_cs_client */;

--
-- Dumping data for table `user`
--

LOCK TABLES `user` WRITE;
/*!40000 ALTER TABLE `user` DISABLE KEYS */;
INSERT INTO `user` VALUES (1,'Admin','Admin',NULL,'admin',1),(2,'TEST','super','test','hiwi',16),(53,NULL,NULL,NULL,'bmnn57',16),(54,'prof','prof',NULL,'prof',4),(55,NULL,NULL,NULL,'moderator',2),(57,NULL,NULL,'war 57','blastudent',8),(58,NULL,NULL,NULL,'docent',8),(76,NULL,NULL,NULL,'test-user',16),(199,'Deleted User','Deleted User','','Deleted User',16),(200,'Deleted User','Deleted User','','Deleted User',16),(201,'Deleted User','Deleted User','','Deleted User',16),(202,'Deleted User','Deleted User','','Deleted User',16),(203,'Deleted User','Deleted User','','Deleted User',16),(204,'Deleted User','Deleted User','','Deleted User',16),(205,'Deleted User','Deleted User','','Deleted User',16),(206,'Deleted User','Deleted User','','Deleted User',16),(207,'Deleted User','Deleted User','','Deleted User',16),(208,'Deleted User','Deleted User','','Deleted User',16),(209,'Deleted User','Deleted User','','Deleted User',16),(210,'Deleted User','Deleted User','','Deleted User',16),(211,'Deleted User','Deleted User','','Deleted User',16),(212,'Deleted User','Deleted User','','Deleted User',16),(213,'Deleted User','Deleted User','','Deleted User',16),(214,'Deleted User','Deleted User','','Deleted User',16),(215,'Deleted User','Deleted User','','Deleted User',16),(216,'Deleted User','Deleted User','','Deleted User',16),(217,'Deleted User','Deleted User','','Deleted User',16),(218,'Deleted User','Deleted User','','Deleted User',16),(219,'Deleted User','Deleted User','','Deleted User',16),(220,'Deleted User','Deleted User','','Deleted User',16),(221,'Deleted User','Deleted User','','Deleted User',16),(222,'Deleted User','Deleted User','','Deleted User',16);
/*!40000 ALTER TABLE `user` ENABLE KEYS */;
UNLOCK TABLES;

--
-- Table structure for table `user_course`
--

DROP TABLE IF EXISTS `user_course`;
/*!40101 SET @saved_cs_client     = @@character_set_client */;
 SET character_set_client = utf8mb4 ;
CREATE TABLE `user_course` (
  `course_id` int(1) NOT NULL,
  `user_id` int(11) NOT NULL,
  `role_id` int(11) NOT NULL,
  PRIMARY KEY (`course_id`,`user_id`),
  KEY `user_has_courses_users_user_id_fk` (`user_id`),
  KEY `user_course_role_role_id_fk` (`role_id`),
  CONSTRAINT `user_course_course_course_id_fk` FOREIGN KEY (`course_id`) REFERENCES `course` (`course_id`) ON DELETE CASCADE ON UPDATE CASCADE,
  CONSTRAINT `user_course_role_role_id_fk` FOREIGN KEY (`role_id`) REFERENCES `role` (`role_id`) ON DELETE CASCADE ON UPDATE CASCADE,
  CONSTRAINT `user_has_courses_users_user_id_fk` FOREIGN KEY (`user_id`) REFERENCES `user` (`user_id`) ON DELETE CASCADE ON UPDATE CASCADE
) ENGINE=InnoDB DEFAULT CHARSET=utf8mb4 COLLATE=utf8mb4_0900_ai_ci;
/*!40101 SET character_set_client = @saved_cs_client */;

--
-- Dumping data for table `user_course`
--

LOCK TABLES `user_course` WRITE;
/*!40000 ALTER TABLE `user_course` DISABLE KEYS */;
INSERT INTO `user_course` VALUES (1,2,4),(1,54,4),(2,54,4),(4,54,4),(6,54,4),(78,54,4),(1,76,16),(2,57,16),(2,76,16),(6,53,16),(6,76,16);
/*!40000 ALTER TABLE `user_course` ENABLE KEYS */;
UNLOCK TABLES;
/*!40103 SET TIME_ZONE=@OLD_TIME_ZONE */;

/*!40101 SET SQL_MODE=@OLD_SQL_MODE */;
/*!40014 SET FOREIGN_KEY_CHECKS=@OLD_FOREIGN_KEY_CHECKS */;
/*!40014 SET UNIQUE_CHECKS=@OLD_UNIQUE_CHECKS */;
/*!40101 SET CHARACTER_SET_CLIENT=@OLD_CHARACTER_SET_CLIENT */;
/*!40101 SET CHARACTER_SET_RESULTS=@OLD_CHARACTER_SET_RESULTS */;
/*!40101 SET COLLATION_CONNECTION=@OLD_COLLATION_CONNECTION */;
/*!40111 SET SQL_NOTES=@OLD_SQL_NOTES */;

-- Dump completed on 2019-01-12 12:43:08
