-- MySQL dump 10.13  Distrib 8.0.13, for macos10.14 (x86_64)
--
-- Host: localhost    Database: submissionchecker
-- ------------------------------------------------------
-- Server version	8.0.13

/*!40101 SET @OLD_CHARACTER_SET_CLIENT=@@CHARACTER_SET_CLIENT */;
/*!40101 SET @OLD_CHARACTER_SET_RESULTS=@@CHARACTER_SET_RESULTS */;
/*!40101 SET @OLD_COLLATION_CONNECTION=@@COLLATION_CONNECTION */;
 SET NAMES utf8 ;
/*!40103 SET @OLD_TIME_ZONE=@@TIME_ZONE */;
/*!40103 SET TIME_ZONE='+00:00' */;
/*!40014 SET @OLD_UNIQUE_CHECKS=@@UNIQUE_CHECKS, UNIQUE_CHECKS=0 */;
/*!40014 SET @OLD_FOREIGN_KEY_CHECKS=@@FOREIGN_KEY_CHECKS, FOREIGN_KEY_CHECKS=0 */;
/*!40101 SET @OLD_SQL_MODE=@@SQL_MODE, SQL_MODE='NO_AUTO_VALUE_ON_ZERO' */;
/*!40111 SET @OLD_SQL_NOTES=@@SQL_NOTES, SQL_NOTES=0 */;

--
-- Table structure for table `course`
--

DROP TABLE IF EXISTS `course`;
/*!40101 SET @saved_cs_client     = @@character_set_client */;
 SET character_set_client = utf8mb4 ;
CREATE TABLE `course` (
  `course_id` int(11) NOT NULL AUTO_INCREMENT,
  `course_name` varchar(100) DEFAULT NULL,
  `course_description` text,
  `creator` int(11) NOT NULL,
  `standard_task_type` varchar(200) DEFAULT NULL,
  `course_modul_id` varchar(255) DEFAULT NULL,
  `course_semester` varchar(255) DEFAULT NULL,
  `anonym_submission` tinyint(1) DEFAULT '0',
  PRIMARY KEY (`course_id`),
  UNIQUE KEY `courses_courseid_uindex` (`course_id`),
  KEY `courses_users_userid_fk` (`creator`),
  CONSTRAINT `courses_users_userid_fk` FOREIGN KEY (`creator`) REFERENCES `user` (`user_id`) ON DELETE CASCADE ON UPDATE CASCADE
) ENGINE=InnoDB AUTO_INCREMENT=74 DEFAULT CHARSET=utf8mb4 COLLATE=utf8mb4_0900_ai_ci;
/*!40101 SET character_set_client = @saved_cs_client */;

--
-- Dumping data for table `course`
--

LOCK TABLES `course` WRITE;
/*!40000 ALTER TABLE `course` DISABLE KEYS */;
INSERT INTO `course` VALUES (1,'Admin Kurse','Der Kurs gehört dem Admin',1,NULL,NULL,NULL,0),(2,'Compilerbau','Compielerbau SS18',1,NULL,NULL,NULL,0),(4,'course no 42','another dummy entry',54,'SQL',NULL,NULL,0),(5,'course no 42','another dummy entry',54,'SQL',NULL,NULL,0),(6,'course no 8 nach Update','yet an updated entry',54,'FILE','CS2020','WS18/19',0),(7,'course no 42','another dummy entry',54,'SQL',NULL,NULL,0),(8,'course no 42','another dummy entry',54,'SQL',NULL,NULL,0),(9,'course no 42','another dummy entry',54,'SQL',NULL,NULL,0),(10,'course no 42','another dummy entry',54,'SQL',NULL,NULL,0),(11,'COURSE11','another dummy entry',54,'SQL',NULL,NULL,0),(65,'course no 42','another dummy entry',55,'SQL','CS2020','WS18/19',0),(66,'course no 42','another dummy entry',55,'SQL','CS2020','WS18/19',1),(67,'course no 42','another dummy entry',55,'SQL','CS2020','WS18/19',0);
/*!40000 ALTER TABLE `course` ENABLE KEYS */;
UNLOCK TABLES;

--
-- Table structure for table `login_log`
--

DROP TABLE IF EXISTS `login_log`;
/*!40101 SET @saved_cs_client     = @@character_set_client */;
 SET character_set_client = utf8mb4 ;
CREATE TABLE `login_log` (
  `login_timestamp` timestamp NOT NULL DEFAULT CURRENT_TIMESTAMP,
  `user_id` int(11) DEFAULT NULL,
  KEY `login_log_user_user_id_fk` (`user_id`),
  CONSTRAINT `login_log_user_user_id_fk` FOREIGN KEY (`user_id`) REFERENCES `user` (`user_id`) ON DELETE CASCADE ON UPDATE CASCADE
) ENGINE=InnoDB DEFAULT CHARSET=utf8mb4 COLLATE=utf8mb4_0900_ai_ci;
/*!40101 SET character_set_client = @saved_cs_client */;

--
-- Dumping data for table `login_log`
--

LOCK TABLES `login_log` WRITE;
/*!40000 ALTER TABLE `login_log` DISABLE KEYS */;
INSERT INTO `login_log` VALUES ('2018-12-04 16:47:57',53),('2018-12-04 16:48:11',53),('2018-12-04 16:49:00',54),('2018-12-04 16:49:03',1),('2018-12-04 16:49:06',2),('2018-12-04 16:49:09',58),('2018-12-04 16:49:12',53),('2018-12-04 16:49:12',53),('2018-12-04 16:49:13',53),('2018-12-04 16:49:17',1),('2018-12-04 21:21:31',53),('2018-12-04 22:42:40',53),('2018-12-04 22:46:54',53),('2018-12-07 12:06:09',53),('2018-12-07 12:13:57',53),('2018-12-07 12:14:14',53),('2018-12-07 12:15:07',53),('2018-12-07 12:15:19',53),('2018-12-07 12:16:13',53),('2018-12-07 12:16:54',53),('2018-12-07 12:17:01',53),('2018-12-07 12:18:02',53),('2018-12-07 12:18:13',53),('2018-12-07 12:20:49',53),('2018-12-07 12:20:49',53),('2018-12-07 13:38:03',53),('2018-12-07 13:38:04',53),('2018-12-07 13:38:31',53),('2018-12-07 13:38:46',53),('2018-12-07 13:39:03',53),('2018-12-07 13:39:24',53),('2018-12-07 13:39:29',53),('2018-12-07 13:39:36',53),('2018-12-07 13:41:29',53),('2018-12-07 13:41:36',53),('2018-12-07 13:41:44',53),('2018-12-07 13:41:44',53),('2018-12-07 13:53:07',1),('2018-12-07 13:53:07',53),('2018-12-07 13:53:07',54),('2018-12-07 13:53:07',55),('2018-12-07 13:53:08',1),('2018-12-07 13:53:08',53),('2018-12-07 13:53:08',54),('2018-12-07 13:53:08',55),('2018-12-07 13:53:08',1),('2018-12-07 13:53:08',53),('2018-12-07 13:53:08',54),('2018-12-07 13:53:08',55),('2018-12-07 13:53:32',1),('2018-12-07 13:53:32',53),('2018-12-07 13:53:32',54),('2018-12-07 13:53:32',55),('2018-12-07 13:53:33',1),('2018-12-07 13:53:33',53),('2018-12-07 13:53:33',54),('2018-12-07 13:53:33',55),('2018-12-07 13:53:33',1),('2018-12-07 13:53:33',53),('2018-12-07 13:53:33',54),('2018-12-07 13:53:33',55),('2018-12-07 13:53:57',1),('2018-12-07 13:53:57',53),('2018-12-07 13:53:57',54),('2018-12-07 13:53:57',55),('2018-12-07 13:53:57',1),('2018-12-07 13:53:57',53),('2018-12-07 13:53:57',54),('2018-12-07 13:53:57',55),('2018-12-07 13:53:58',1),('2018-12-07 13:53:58',53),('2018-12-07 13:53:58',54),('2018-12-07 13:53:58',55),('2018-12-07 13:54:46',1),('2018-12-07 13:54:46',53),('2018-12-07 13:54:46',54),('2018-12-07 13:54:46',55),('2018-12-07 13:55:22',1),('2018-12-07 13:55:22',53),('2018-12-07 13:55:22',54),('2018-12-07 13:55:22',55),('2018-12-07 13:56:49',1),('2018-12-07 13:56:49',53),('2018-12-07 13:56:49',54),('2018-12-07 13:56:49',55),('2018-12-07 13:58:43',1),('2018-12-07 13:58:43',53),('2018-12-07 13:58:43',54),('2018-12-07 13:58:43',55),('2018-12-07 13:59:17',1),('2018-12-07 13:59:18',53),('2018-12-07 13:59:18',54),('2018-12-07 13:59:18',55),('2018-12-07 14:00:02',1),('2018-12-07 14:00:02',53),('2018-12-07 14:00:02',54),('2018-12-07 14:00:02',55),('2018-12-07 14:04:01',1),('2018-12-07 14:04:01',53),('2018-12-07 14:04:01',54),('2018-12-07 14:04:01',55),('2018-12-07 14:04:15',1),('2018-12-07 14:04:15',53),('2018-12-07 14:04:15',54),('2018-12-07 14:04:15',55),('2018-12-07 14:04:27',1),('2018-12-07 14:04:27',53),('2018-12-07 14:04:27',54),('2018-12-07 14:04:27',55),('2018-12-07 14:05:51',1),('2018-12-07 14:05:51',53),('2018-12-07 14:05:51',54),('2018-12-07 14:05:51',55),('2018-12-07 14:10:04',1),('2018-12-07 14:10:04',53),('2018-12-07 14:10:05',54),('2018-12-07 14:10:05',55),('2018-12-07 14:11:09',1),('2018-12-07 14:11:10',53),('2018-12-07 14:11:10',54),('2018-12-07 14:11:10',55),('2018-12-07 14:11:23',1),('2018-12-07 14:11:23',53),('2018-12-07 14:11:23',54),('2018-12-07 14:11:23',55),('2018-12-07 14:11:54',1),('2018-12-07 14:11:54',53),('2018-12-07 14:11:54',54),('2018-12-07 14:11:54',55),('2018-12-07 14:12:32',1),('2018-12-07 14:12:32',53),('2018-12-07 14:12:32',54),('2018-12-07 14:12:32',55),('2018-12-07 14:13:05',1),('2018-12-07 14:13:05',53),('2018-12-07 14:13:05',54),('2018-12-07 14:13:05',55),('2018-12-07 14:13:20',1),('2018-12-07 14:13:20',53),('2018-12-07 14:13:20',54),('2018-12-07 14:13:20',55),('2018-12-07 14:14:24',1),('2018-12-07 14:14:24',53),('2018-12-07 14:14:24',54),('2018-12-07 14:14:24',55),('2018-12-07 14:14:32',1),('2018-12-07 14:14:32',53),('2018-12-07 14:14:32',54),('2018-12-07 14:14:32',55),('2018-12-07 14:17:03',1),('2018-12-07 14:17:03',53),('2018-12-07 14:17:03',54),('2018-12-07 14:17:03',55),('2018-12-07 14:21:08',1),('2018-12-07 14:21:08',53),('2018-12-07 14:21:09',54),('2018-12-07 14:21:09',55),('2018-12-07 14:21:36',1),('2018-12-07 14:21:36',53),('2018-12-07 14:21:36',54),('2018-12-07 14:21:36',55),('2018-12-07 14:21:55',1),('2018-12-07 14:21:55',53),('2018-12-07 14:21:55',54),('2018-12-07 14:21:55',55),('2018-12-07 14:22:14',1),('2018-12-07 14:22:15',53),('2018-12-07 14:22:15',54),('2018-12-07 14:22:15',55),('2018-12-07 14:24:17',1),('2018-12-07 14:24:17',53),('2018-12-07 14:24:17',54),('2018-12-07 14:24:17',55),('2018-12-07 14:24:23',1),('2018-12-07 14:24:23',53),('2018-12-07 14:24:24',54),('2018-12-07 14:24:24',55),('2018-12-07 14:25:11',1),('2018-12-07 14:25:11',53),('2018-12-07 14:25:11',54),('2018-12-07 14:25:11',55),('2018-12-07 14:25:17',1),('2018-12-07 14:25:17',53),('2018-12-07 14:25:18',54),('2018-12-07 14:25:18',55),('2018-12-07 14:27:50',1),('2018-12-07 14:27:50',53),('2018-12-07 14:27:50',54),('2018-12-07 14:27:50',55),('2018-12-07 14:28:03',1),('2018-12-07 14:28:03',53),('2018-12-07 14:28:03',54),('2018-12-07 14:28:03',55),('2018-12-07 14:29:25',1),('2018-12-07 14:29:25',53),('2018-12-07 14:29:25',54),('2018-12-07 14:29:25',55),('2018-12-07 14:30:39',1),('2018-12-07 14:30:39',53),('2018-12-07 14:30:39',54),('2018-12-07 14:30:39',55),('2018-12-07 14:30:55',1),('2018-12-07 14:30:55',53),('2018-12-07 14:30:55',54),('2018-12-07 14:30:55',55),('2018-12-07 14:31:19',1),('2018-12-07 14:31:19',53),('2018-12-07 14:31:19',54),('2018-12-07 14:31:20',55),('2018-12-07 14:31:55',1),('2018-12-07 14:31:55',53),('2018-12-07 14:31:55',54),('2018-12-07 14:31:55',55),('2018-12-07 14:32:19',1),('2018-12-07 14:32:19',53),('2018-12-07 14:32:19',54),('2018-12-07 14:32:19',55),('2018-12-07 14:32:23',1),('2018-12-07 14:32:23',53),('2018-12-07 14:32:23',54),('2018-12-07 14:32:23',55),('2018-12-07 14:32:37',1),('2018-12-07 14:32:38',53),('2018-12-07 14:32:38',54),('2018-12-07 14:32:38',55),('2018-12-07 14:32:45',1),('2018-12-07 14:32:45',53),('2018-12-07 14:32:45',54),('2018-12-07 14:32:45',55),('2018-12-07 14:33:54',1),('2018-12-07 14:33:54',53),('2018-12-07 14:33:54',54),('2018-12-07 14:33:54',55),('2018-12-07 14:35:09',1),('2018-12-07 14:35:09',53),('2018-12-07 14:35:09',54),('2018-12-07 14:35:09',55),('2018-12-07 14:35:16',1),('2018-12-07 14:35:16',53),('2018-12-07 14:35:16',54),('2018-12-07 14:35:16',55),('2018-12-07 14:36:03',1),('2018-12-07 14:36:03',53),('2018-12-07 14:36:03',54),('2018-12-07 14:36:03',55),('2018-12-07 14:36:14',1),('2018-12-07 14:36:14',53),('2018-12-07 14:36:14',54),('2018-12-07 14:36:14',55),('2018-12-07 14:37:05',1),('2018-12-07 14:37:05',53),('2018-12-07 14:37:05',54),('2018-12-07 14:37:06',55),('2018-12-07 14:37:19',1),('2018-12-07 14:37:19',53),('2018-12-07 14:37:19',54),('2018-12-07 14:37:19',55),('2018-12-07 14:49:32',1),('2018-12-07 14:49:32',53),('2018-12-07 14:49:33',54),('2018-12-07 14:49:33',55),('2018-12-07 14:49:44',1),('2018-12-07 14:49:44',53),('2018-12-07 14:49:44',54),('2018-12-07 14:49:44',55),('2018-12-07 14:49:58',1),('2018-12-07 14:49:59',53),('2018-12-07 14:49:59',54),('2018-12-07 14:49:59',55),('2018-12-07 14:51:38',1),('2018-12-07 14:51:38',53),('2018-12-07 14:51:38',54),('2018-12-07 14:51:38',55),('2018-12-07 14:52:36',1),('2018-12-07 14:52:36',53),('2018-12-07 14:52:36',54),('2018-12-07 14:52:36',55),('2018-12-07 14:52:58',1),('2018-12-07 14:52:58',53),('2018-12-07 14:52:58',54),('2018-12-07 14:52:58',55),('2018-12-07 14:53:31',1),('2018-12-07 14:53:31',53),('2018-12-07 14:53:31',54),('2018-12-07 14:53:31',55),('2018-12-07 14:54:59',1),('2018-12-07 14:54:59',53),('2018-12-07 14:54:59',54),('2018-12-07 14:54:59',55),('2018-12-07 14:57:23',1),('2018-12-07 14:57:23',53),('2018-12-07 14:57:23',54),('2018-12-07 14:57:23',55),('2018-12-07 14:59:31',1),('2018-12-07 14:59:31',53),('2018-12-07 14:59:31',54),('2018-12-07 14:59:31',55),('2018-12-07 15:00:47',1),('2018-12-07 15:00:48',53),('2018-12-07 15:00:48',54),('2018-12-07 15:00:48',55),('2018-12-07 15:02:58',1),('2018-12-07 15:02:58',53),('2018-12-07 15:02:58',54),('2018-12-07 15:02:58',55),('2018-12-07 15:04:46',1),('2018-12-07 15:04:47',53),('2018-12-07 15:04:47',54),('2018-12-07 15:04:47',55),('2018-12-07 15:06:18',1),('2018-12-07 15:06:18',53),('2018-12-07 15:06:18',54),('2018-12-07 15:06:18',55),('2018-12-07 15:06:27',1),('2018-12-07 15:06:27',53),('2018-12-07 15:06:27',54),('2018-12-07 15:06:27',55),('2018-12-07 15:09:13',1),('2018-12-07 15:09:14',53),('2018-12-07 15:09:14',54),('2018-12-07 15:09:14',55),('2018-12-07 15:09:25',1),('2018-12-07 15:09:25',53),('2018-12-07 15:09:25',54),('2018-12-07 15:09:25',55),('2018-12-07 15:11:59',1),('2018-12-07 15:11:59',53),('2018-12-07 15:11:59',54),('2018-12-07 15:11:59',55),('2018-12-07 15:12:28',1),('2018-12-07 15:12:28',53),('2018-12-07 15:12:28',54),('2018-12-07 15:12:28',55),('2018-12-07 15:13:04',1),('2018-12-07 15:13:04',53),('2018-12-07 15:13:04',54),('2018-12-07 15:13:04',55),('2018-12-07 15:15:15',1),('2018-12-07 15:15:15',53),('2018-12-07 15:15:15',54),('2018-12-07 15:15:15',55),('2018-12-07 15:15:27',1),('2018-12-07 15:15:27',53),('2018-12-07 15:15:27',54),('2018-12-07 15:15:27',55),('2018-12-07 15:16:30',1),('2018-12-07 15:16:30',53),('2018-12-07 15:16:31',54),('2018-12-07 15:16:31',55),('2018-12-07 15:16:38',1),('2018-12-07 15:16:38',53),('2018-12-07 15:16:38',54),('2018-12-07 15:16:38',55),('2018-12-07 15:17:49',1),('2018-12-07 15:17:49',53),('2018-12-07 15:17:49',54),('2018-12-07 15:17:49',55),('2018-12-07 15:18:16',1),('2018-12-07 15:18:16',53),('2018-12-07 15:18:17',54),('2018-12-07 15:18:17',55),('2018-12-07 15:20:23',1),('2018-12-07 15:20:23',53),('2018-12-07 15:20:23',54),('2018-12-07 15:20:23',55),('2018-12-07 15:38:29',1),('2018-12-07 15:38:29',53),('2018-12-07 15:38:29',54),('2018-12-07 15:38:29',55),('2018-12-07 15:40:08',1),('2018-12-07 15:40:08',53),('2018-12-07 15:40:08',54),('2018-12-07 15:40:08',55),('2018-12-07 15:41:02',1),('2018-12-07 15:41:02',53),('2018-12-07 15:41:02',54),('2018-12-07 15:41:02',55),('2018-12-07 15:42:03',1),('2018-12-07 15:42:03',53),('2018-12-07 15:42:03',54),('2018-12-07 15:42:03',55),('2018-12-07 15:42:12',1),('2018-12-07 15:42:12',53),('2018-12-07 15:42:12',54),('2018-12-07 15:42:12',55),('2018-12-07 15:42:26',1),('2018-12-07 15:42:27',53),('2018-12-07 15:42:27',54),('2018-12-07 15:42:27',55),('2018-12-07 15:42:35',1),('2018-12-07 15:42:35',53),('2018-12-07 15:42:35',54),('2018-12-07 15:42:35',55),('2018-12-07 15:56:48',1),('2018-12-07 15:56:48',53),('2018-12-07 15:56:48',54),('2018-12-07 15:56:48',55),('2018-12-07 15:57:57',1),('2018-12-07 15:57:57',53),('2018-12-07 15:57:57',54),('2018-12-07 15:57:57',55),('2018-12-07 15:58:12',1),('2018-12-07 15:58:12',53),('2018-12-07 15:58:12',54),('2018-12-07 15:58:12',55),('2018-12-07 15:58:24',1),('2018-12-07 15:58:24',53),('2018-12-07 15:58:24',54),('2018-12-07 15:58:24',55),('2018-12-07 15:59:37',1),('2018-12-07 15:59:37',53),('2018-12-07 15:59:37',54),('2018-12-07 15:59:38',55),('2018-12-07 16:00:07',1),('2018-12-07 16:00:07',53),('2018-12-07 16:00:07',54),('2018-12-07 16:00:07',55),('2018-12-07 16:01:01',1),('2018-12-07 16:01:01',53),('2018-12-07 16:01:01',54),('2018-12-07 16:01:01',55),('2018-12-07 16:02:57',1),('2018-12-07 16:02:58',53),('2018-12-07 16:02:58',54),('2018-12-07 16:02:58',55),('2018-12-07 16:03:56',1),('2018-12-07 16:03:56',53),('2018-12-07 16:03:56',54),('2018-12-07 16:03:56',55),('2018-12-07 16:06:19',1),('2018-12-07 16:06:19',53),('2018-12-07 16:06:19',54),('2018-12-07 16:06:19',55),('2018-12-07 16:06:25',1),('2018-12-07 16:06:25',53),('2018-12-07 16:06:25',54),('2018-12-07 16:06:25',55),('2018-12-07 16:08:06',1),('2018-12-07 16:08:06',53),('2018-12-07 16:08:06',54),('2018-12-07 16:08:06',55),('2018-12-07 16:09:23',1),('2018-12-07 16:09:23',53),('2018-12-07 16:09:23',54),('2018-12-07 16:09:23',55),('2018-12-07 16:09:33',1),('2018-12-07 16:09:33',53),('2018-12-07 16:09:33',54),('2018-12-07 16:09:33',55),('2018-12-07 16:10:24',1),('2018-12-07 16:10:24',53),('2018-12-07 16:10:24',54),('2018-12-07 16:10:24',55),('2018-12-07 16:12:53',1),('2018-12-07 16:12:53',53),('2018-12-07 16:12:53',54),('2018-12-07 16:12:54',55),('2018-12-07 16:13:30',1),('2018-12-07 16:13:30',53),('2018-12-07 16:13:30',54),('2018-12-07 16:13:30',55),('2018-12-07 16:14:18',1),('2018-12-07 16:14:18',53),('2018-12-07 16:14:19',54),('2018-12-07 16:14:19',55),('2018-12-07 16:14:31',1),('2018-12-07 16:14:31',53),('2018-12-07 16:14:31',54),('2018-12-07 16:14:31',55),('2018-12-07 16:16:00',1),('2018-12-07 16:16:00',53),('2018-12-07 16:16:00',54),('2018-12-07 16:16:00',55),('2018-12-07 16:20:27',1),('2018-12-07 16:20:27',53),('2018-12-07 16:20:27',54),('2018-12-07 16:20:27',55),('2018-12-07 16:21:39',1),('2018-12-07 16:21:39',53),('2018-12-07 16:21:39',54),('2018-12-07 16:21:39',55),('2018-12-07 16:24:00',1),('2018-12-07 16:24:00',53),('2018-12-07 16:24:00',54),('2018-12-07 16:24:00',55),('2018-12-07 16:24:31',1),('2018-12-07 16:24:31',53),('2018-12-07 16:24:31',54),('2018-12-07 16:24:31',55),('2018-12-07 16:24:54',1),('2018-12-07 16:24:54',53),('2018-12-07 16:24:54',54),('2018-12-07 16:24:54',55),('2018-12-07 16:25:10',1),('2018-12-07 16:25:10',53),('2018-12-07 16:25:10',54),('2018-12-07 16:25:10',55),('2018-12-07 16:38:05',1),('2018-12-07 16:38:05',53),('2018-12-07 16:38:05',54),('2018-12-07 16:38:05',55),('2018-12-07 16:41:56',1),('2018-12-07 16:41:56',53),('2018-12-07 16:41:56',54),('2018-12-07 16:41:56',55),('2018-12-07 16:42:08',1),('2018-12-07 16:42:08',53),('2018-12-07 16:42:08',54),('2018-12-07 16:42:08',55),('2018-12-07 16:58:15',1),('2018-12-07 16:58:15',53),('2018-12-07 16:58:16',54),('2018-12-07 16:58:16',55),('2018-12-07 16:59:03',1),('2018-12-07 16:59:03',53),('2018-12-07 16:59:03',54),('2018-12-07 16:59:03',55),('2018-12-07 16:59:28',1),('2018-12-07 16:59:28',53),('2018-12-07 16:59:28',54),('2018-12-07 16:59:28',55),('2018-12-07 16:59:47',1),('2018-12-07 16:59:47',53),('2018-12-07 16:59:47',54),('2018-12-07 16:59:48',55),('2018-12-07 17:00:12',1),('2018-12-07 17:00:12',53),('2018-12-07 17:00:12',54),('2018-12-07 17:00:12',55),('2018-12-07 17:01:33',1),('2018-12-07 17:01:33',53),('2018-12-07 17:01:33',54),('2018-12-07 17:01:33',55),('2018-12-07 17:03:12',1),('2018-12-07 17:03:12',53),('2018-12-07 17:03:12',54),('2018-12-07 17:03:13',55),('2018-12-07 17:03:23',1),('2018-12-07 17:03:23',53),('2018-12-07 17:03:23',54),('2018-12-07 17:03:23',55),('2018-12-07 17:03:30',1),('2018-12-07 17:03:30',53),('2018-12-07 17:03:30',54),('2018-12-07 17:03:30',55),('2018-12-07 17:03:38',1),('2018-12-07 17:03:38',53),('2018-12-07 17:03:38',54),('2018-12-07 17:03:38',55),('2018-12-07 17:04:55',1),('2018-12-07 17:04:55',53),('2018-12-07 17:04:55',54),('2018-12-07 17:04:55',55),('2018-12-07 17:04:59',1),('2018-12-07 17:04:59',53),('2018-12-07 17:04:59',54),('2018-12-07 17:04:59',55),('2018-12-07 17:05:14',1),('2018-12-07 17:05:15',53),('2018-12-07 17:05:15',54),('2018-12-07 17:05:15',55),('2018-12-07 17:05:36',1),('2018-12-07 17:05:36',53),('2018-12-07 17:05:36',54),('2018-12-07 17:05:36',55),('2018-12-07 17:05:57',1),('2018-12-07 17:05:58',53),('2018-12-07 17:05:58',54),('2018-12-07 17:05:58',55),('2018-12-07 17:05:58',1),('2018-12-07 17:05:58',53),('2018-12-07 17:05:58',54),('2018-12-07 17:05:58',55),('2018-12-07 17:05:58',1),('2018-12-07 17:05:58',53),('2018-12-07 17:05:58',54),('2018-12-07 17:05:58',55),('2018-12-07 17:05:58',1),('2018-12-07 17:05:59',53),('2018-12-07 17:05:59',54),('2018-12-07 17:05:59',55),('2018-12-07 17:05:59',1),('2018-12-07 17:05:59',53),('2018-12-07 17:05:59',54),('2018-12-07 17:05:59',55),('2018-12-07 17:05:59',1),('2018-12-07 17:05:59',53),('2018-12-07 17:05:59',54),('2018-12-07 17:05:59',55),('2018-12-07 17:06:00',1),('2018-12-07 17:06:00',53),('2018-12-07 17:06:00',54),('2018-12-07 17:06:00',55),('2018-12-07 17:06:00',1),('2018-12-07 17:06:00',53),('2018-12-07 17:06:00',54),('2018-12-07 17:06:00',55),('2018-12-07 17:06:00',1),('2018-12-07 17:06:00',53),('2018-12-07 17:06:00',54),('2018-12-07 17:06:00',55),('2018-12-07 17:06:01',1),('2018-12-07 17:06:01',53),('2018-12-07 17:06:01',54),('2018-12-07 17:06:01',55),('2018-12-07 17:06:01',1),('2018-12-07 17:06:01',53),('2018-12-07 17:06:01',54),('2018-12-07 17:06:01',55),('2018-12-07 17:06:01',1),('2018-12-07 17:06:01',53),('2018-12-07 17:06:01',54),('2018-12-07 17:06:01',55),('2018-12-07 17:06:50',1),('2018-12-07 17:06:50',53),('2018-12-07 17:06:50',54),('2018-12-07 17:06:50',55),('2018-12-07 17:06:50',1),('2018-12-07 17:06:50',53),('2018-12-07 17:06:50',54),('2018-12-07 17:06:50',55),('2018-12-07 17:06:51',1),('2018-12-07 17:06:51',53),('2018-12-07 17:06:51',54),('2018-12-07 17:06:51',55),('2018-12-07 17:06:51',1),('2018-12-07 17:06:51',53),('2018-12-07 17:06:51',54),('2018-12-07 17:06:51',55),('2018-12-07 17:06:51',1),('2018-12-07 17:06:51',53),('2018-12-07 17:06:51',54),('2018-12-07 17:06:51',55),('2018-12-07 17:06:51',1),('2018-12-07 17:06:51',53),('2018-12-07 17:06:51',54),('2018-12-07 17:06:51',55),('2018-12-07 17:06:52',1),('2018-12-07 17:06:52',53),('2018-12-07 17:06:52',54),('2018-12-07 17:06:52',55),('2018-12-07 17:06:52',1),('2018-12-07 17:06:52',53),('2018-12-07 17:06:52',54),('2018-12-07 17:06:52',55),('2018-12-07 17:06:53',1),('2018-12-07 17:06:53',53),('2018-12-07 17:06:53',54),('2018-12-07 17:06:53',55),('2018-12-07 17:06:53',1),('2018-12-07 17:06:53',53),('2018-12-07 17:06:53',54),('2018-12-07 17:06:53',55),('2018-12-07 17:06:53',1),('2018-12-07 17:06:53',53),('2018-12-07 17:06:53',54),('2018-12-07 17:06:53',55),('2018-12-07 17:06:54',1),('2018-12-07 17:06:54',53),('2018-12-07 17:06:54',54),('2018-12-07 17:06:54',55),('2018-12-07 17:07:23',1),('2018-12-07 17:07:24',53),('2018-12-07 17:07:24',54),('2018-12-07 17:07:24',55),('2018-12-07 17:07:24',1),('2018-12-07 17:07:24',53),('2018-12-07 17:07:24',54),('2018-12-07 17:07:24',55),('2018-12-07 17:07:24',1),('2018-12-07 17:07:24',53),('2018-12-07 17:07:24',54),('2018-12-07 17:07:24',55),('2018-12-07 17:07:24',1),('2018-12-07 17:07:24',53),('2018-12-07 17:07:24',54),('2018-12-07 17:07:24',55),('2018-12-07 17:07:25',1),('2018-12-07 17:07:25',53),('2018-12-07 17:07:25',54),('2018-12-07 17:07:25',55),('2018-12-07 17:07:25',1),('2018-12-07 17:07:25',53),('2018-12-07 17:07:25',54),('2018-12-07 17:07:25',55),('2018-12-07 17:07:25',1),('2018-12-07 17:07:25',53),('2018-12-07 17:07:25',54),('2018-12-07 17:07:25',55),('2018-12-07 17:07:26',1),('2018-12-07 17:07:26',53),('2018-12-07 17:07:26',54),('2018-12-07 17:07:26',55),('2018-12-07 17:07:26',1),('2018-12-07 17:07:26',53),('2018-12-07 17:07:26',54),('2018-12-07 17:07:26',55),('2018-12-07 17:07:26',1),('2018-12-07 17:07:26',53),('2018-12-07 17:07:26',54),('2018-12-07 17:07:26',55),('2018-12-07 17:07:27',1),('2018-12-07 17:07:27',53),('2018-12-07 17:07:27',54),('2018-12-07 17:07:27',55),('2018-12-07 17:07:27',1),('2018-12-07 17:07:27',53),('2018-12-07 17:07:27',54),('2018-12-07 17:07:27',55),('2018-12-07 17:09:20',1),('2018-12-07 17:09:20',53),('2018-12-07 17:09:20',54),('2018-12-07 17:09:20',55),('2018-12-07 17:09:20',1),('2018-12-07 17:09:20',53),('2018-12-07 17:09:20',54),('2018-12-07 17:09:20',55),('2018-12-07 17:09:20',1),('2018-12-07 17:09:20',53),('2018-12-07 17:09:20',54),('2018-12-07 17:09:21',55),('2018-12-07 17:09:21',1),('2018-12-07 17:09:21',53),('2018-12-07 17:09:21',54),('2018-12-07 17:09:21',55),('2018-12-07 17:09:21',1),('2018-12-07 17:09:21',53),('2018-12-07 17:09:21',54),('2018-12-07 17:09:21',55),('2018-12-07 17:09:21',1),('2018-12-07 17:09:21',53),('2018-12-07 17:09:21',54),('2018-12-07 17:09:21',55),('2018-12-07 17:09:22',1),('2018-12-07 17:09:22',53),('2018-12-07 17:09:22',54),('2018-12-07 17:09:22',55),('2018-12-07 17:09:22',1),('2018-12-07 17:09:22',53),('2018-12-07 17:09:22',54),('2018-12-07 17:09:22',55),('2018-12-07 17:09:22',1),('2018-12-07 17:09:22',53),('2018-12-07 17:09:22',54),('2018-12-07 17:09:22',55),('2018-12-07 17:09:22',1),('2018-12-07 17:09:22',53),('2018-12-07 17:09:23',54),('2018-12-07 17:09:23',55),('2018-12-07 17:09:23',1),('2018-12-07 17:09:23',53),('2018-12-07 17:09:23',54),('2018-12-07 17:09:23',55),('2018-12-07 17:09:23',1),('2018-12-07 17:09:23',53),('2018-12-07 17:09:23',54),('2018-12-07 17:09:23',55),('2018-12-07 17:10:18',1),('2018-12-07 17:10:18',53),('2018-12-07 17:10:18',54),('2018-12-07 17:10:19',55),('2018-12-07 17:10:19',1),('2018-12-07 17:10:19',53),('2018-12-07 17:10:19',54),('2018-12-07 17:10:19',55),('2018-12-07 17:10:19',1),('2018-12-07 17:10:19',53),('2018-12-07 17:10:19',54),('2018-12-07 17:10:19',55),('2018-12-07 17:10:19',1),('2018-12-07 17:10:19',53),('2018-12-07 17:10:19',54),('2018-12-07 17:10:19',55),('2018-12-07 17:10:19',1),('2018-12-07 17:10:19',53),('2018-12-07 17:10:19',54),('2018-12-07 17:10:19',55),('2018-12-07 17:10:20',1),('2018-12-07 17:10:20',53),('2018-12-07 17:10:20',54),('2018-12-07 17:10:20',55),('2018-12-07 17:10:20',1),('2018-12-07 17:10:20',53),('2018-12-07 17:10:20',54),('2018-12-07 17:10:20',55),('2018-12-07 17:10:20',1),('2018-12-07 17:10:21',53),('2018-12-07 17:10:21',54),('2018-12-07 17:10:21',55),('2018-12-07 17:10:21',1),('2018-12-07 17:10:21',53),('2018-12-07 17:10:21',54),('2018-12-07 17:10:21',55),('2018-12-07 17:10:21',1),('2018-12-07 17:10:21',53),('2018-12-07 17:10:21',54),('2018-12-07 17:10:21',55),('2018-12-07 17:10:21',1),('2018-12-07 17:10:21',53),('2018-12-07 17:10:21',54),('2018-12-07 17:10:22',55),('2018-12-07 17:10:22',1),('2018-12-07 17:10:22',53),('2018-12-07 17:10:22',54),('2018-12-07 17:10:22',55),('2018-12-07 17:10:33',1),('2018-12-07 17:10:33',53),('2018-12-07 17:10:33',54),('2018-12-07 17:10:33',55),('2018-12-07 17:10:33',1),('2018-12-07 17:10:33',53),('2018-12-07 17:10:33',54),('2018-12-07 17:10:33',55),('2018-12-07 17:10:34',1),('2018-12-07 17:10:34',53),('2018-12-07 17:10:34',54),('2018-12-07 17:10:34',55),('2018-12-07 17:10:34',1),('2018-12-07 17:10:34',53),('2018-12-07 17:10:34',54),('2018-12-07 17:10:34',55),('2018-12-07 17:10:34',1),('2018-12-07 17:10:34',53),('2018-12-07 17:10:34',54),('2018-12-07 17:10:34',55),('2018-12-07 17:10:34',1),('2018-12-07 17:10:34',53),('2018-12-07 17:10:34',54),('2018-12-07 17:10:34',55),('2018-12-07 17:10:35',1),('2018-12-07 17:10:35',53),('2018-12-07 17:10:35',54),('2018-12-07 17:10:35',55),('2018-12-07 17:10:35',1),('2018-12-07 17:10:35',53),('2018-12-07 17:10:35',54),('2018-12-07 17:10:35',55),('2018-12-07 17:10:35',1),('2018-12-07 17:10:35',53),('2018-12-07 17:10:35',54),('2018-12-07 17:10:36',55),('2018-12-07 17:10:36',1),('2018-12-07 17:10:36',53),('2018-12-07 17:10:36',54),('2018-12-07 17:10:36',55),('2018-12-07 17:10:36',1),('2018-12-07 17:10:36',53),('2018-12-07 17:10:36',54),('2018-12-07 17:10:36',55),('2018-12-07 17:10:36',1),('2018-12-07 17:10:36',53),('2018-12-07 17:10:36',54),('2018-12-07 17:10:36',55),('2018-12-07 17:10:51',1),('2018-12-07 17:10:52',53),('2018-12-07 17:10:52',54),('2018-12-07 17:10:52',55),('2018-12-07 17:10:52',1),('2018-12-07 17:10:52',53),('2018-12-07 17:10:52',54),('2018-12-07 17:10:52',55),('2018-12-07 17:10:52',1),('2018-12-07 17:10:52',53),('2018-12-07 17:10:52',54),('2018-12-07 17:10:52',55),('2018-12-07 17:10:52',1),('2018-12-07 17:10:52',53),('2018-12-07 17:10:52',54),('2018-12-07 17:10:52',55),('2018-12-07 17:10:53',1),('2018-12-07 17:10:53',53),('2018-12-07 17:10:53',54),('2018-12-07 17:10:53',55),('2018-12-07 17:10:53',1),('2018-12-07 17:10:53',53),('2018-12-07 17:10:53',54),('2018-12-07 17:10:53',55),('2018-12-07 17:10:53',1),('2018-12-07 17:10:53',53),('2018-12-07 17:10:53',54),('2018-12-07 17:10:53',55),('2018-12-07 17:10:54',1),('2018-12-07 17:10:54',53),('2018-12-07 17:10:54',54),('2018-12-07 17:10:54',55),('2018-12-07 17:10:54',1),('2018-12-07 17:10:54',53),('2018-12-07 17:10:54',54),('2018-12-07 17:10:54',55),('2018-12-07 17:10:54',1),('2018-12-07 17:10:54',53),('2018-12-07 17:10:54',54),('2018-12-07 17:10:54',55),('2018-12-07 17:10:54',1),('2018-12-07 17:10:55',53),('2018-12-07 17:10:55',54),('2018-12-07 17:10:55',55),('2018-12-07 17:10:55',1),('2018-12-07 17:10:55',53),('2018-12-07 17:10:55',54),('2018-12-07 17:10:55',55),('2018-12-07 17:12:05',1),('2018-12-07 17:12:05',53),('2018-12-07 17:12:05',54),('2018-12-07 17:12:05',55),('2018-12-07 17:12:05',1),('2018-12-07 17:12:05',53),('2018-12-07 17:12:05',54),('2018-12-07 17:12:05',55),('2018-12-07 17:12:05',1),('2018-12-07 17:12:05',53),('2018-12-07 17:12:05',54),('2018-12-07 17:12:05',55),('2018-12-07 17:12:05',1),('2018-12-07 17:12:06',53),('2018-12-07 17:12:06',54),('2018-12-07 17:12:06',55),('2018-12-07 17:12:06',1),('2018-12-07 17:12:06',53),('2018-12-07 17:12:06',54),('2018-12-07 17:12:06',55),('2018-12-07 17:12:06',1),('2018-12-07 17:12:06',53),('2018-12-07 17:12:06',54),('2018-12-07 17:12:06',55),('2018-12-07 17:12:07',1),('2018-12-07 17:12:07',53),('2018-12-07 17:12:07',54),('2018-12-07 17:12:07',55),('2018-12-07 17:12:07',1),('2018-12-07 17:12:07',53),('2018-12-07 17:12:07',54),('2018-12-07 17:12:07',55),('2018-12-07 17:12:07',1),('2018-12-07 17:12:07',53),('2018-12-07 17:12:07',54),('2018-12-07 17:12:07',55),('2018-12-07 17:12:07',1),('2018-12-07 17:12:07',53),('2018-12-07 17:12:08',54),('2018-12-07 17:12:08',55),('2018-12-07 17:12:08',1),('2018-12-07 17:12:08',53),('2018-12-07 17:12:08',54),('2018-12-07 17:12:08',55),('2018-12-07 17:12:08',1),('2018-12-07 17:12:08',53),('2018-12-07 17:12:08',54),('2018-12-07 17:12:08',55),('2018-12-07 17:12:17',1),('2018-12-07 17:12:17',53),('2018-12-07 17:12:17',54),('2018-12-07 17:12:17',55),('2018-12-07 17:12:17',1),('2018-12-07 17:12:17',53),('2018-12-07 17:12:17',54),('2018-12-07 17:12:17',55),('2018-12-07 17:12:18',1),('2018-12-07 17:12:18',53),('2018-12-07 17:12:18',54),('2018-12-07 17:12:18',55),('2018-12-07 17:12:18',1),('2018-12-07 17:12:18',53),('2018-12-07 17:12:18',54),('2018-12-07 17:12:18',55),('2018-12-07 17:12:18',1),('2018-12-07 17:12:18',53),('2018-12-07 17:12:18',54),('2018-12-07 17:12:18',55),('2018-12-07 17:12:18',1),('2018-12-07 17:12:18',53),('2018-12-07 17:12:18',54),('2018-12-07 17:12:18',55),('2018-12-07 17:12:19',1),('2018-12-07 17:12:19',53),('2018-12-07 17:12:19',54),('2018-12-07 17:12:19',55),('2018-12-07 17:12:19',1),('2018-12-07 17:12:19',53),('2018-12-07 17:12:19',54),('2018-12-07 17:12:19',55),('2018-12-07 17:12:20',1),('2018-12-07 17:12:20',53),('2018-12-07 17:12:20',54),('2018-12-07 17:12:20',55),('2018-12-07 17:12:20',1),('2018-12-07 17:12:20',53),('2018-12-07 17:12:20',54),('2018-12-07 17:12:20',55),('2018-12-07 17:12:20',1),('2018-12-07 17:12:20',53),('2018-12-07 17:12:20',54),('2018-12-07 17:12:20',55),('2018-12-07 17:12:20',1),('2018-12-07 17:12:20',53),('2018-12-07 17:12:21',54),('2018-12-07 17:12:21',55),('2018-12-07 17:12:51',1),('2018-12-07 17:12:51',53),('2018-12-07 17:12:51',54),('2018-12-07 17:12:51',55),('2018-12-07 17:12:51',1),('2018-12-07 17:12:51',53),('2018-12-07 17:12:51',54),('2018-12-07 17:12:51',55),('2018-12-07 17:12:51',1),('2018-12-07 17:12:51',53),('2018-12-07 17:12:52',54),('2018-12-07 17:12:52',55),('2018-12-07 17:12:52',1),('2018-12-07 17:12:52',53),('2018-12-07 17:12:52',54),('2018-12-07 17:12:52',55),('2018-12-07 17:12:52',1),('2018-12-07 17:12:52',53),('2018-12-07 17:12:52',54),('2018-12-07 17:12:52',55),('2018-12-07 17:12:52',1),('2018-12-07 17:12:52',53),('2018-12-07 17:12:52',54),('2018-12-07 17:12:52',55),('2018-12-07 17:12:52',1),('2018-12-07 17:12:52',53),('2018-12-07 17:12:53',54),('2018-12-07 17:12:53',55),('2018-12-07 17:12:53',1),('2018-12-07 17:12:53',53),('2018-12-07 17:12:53',54),('2018-12-07 17:12:53',55),('2018-12-07 17:12:53',1),('2018-12-07 17:12:54',53),('2018-12-07 17:12:54',54),('2018-12-07 17:12:54',55),('2018-12-07 17:12:54',1),('2018-12-07 17:12:54',53),('2018-12-07 17:12:54',54),('2018-12-07 17:12:54',55),('2018-12-07 17:12:54',1),('2018-12-07 17:12:54',53),('2018-12-07 17:12:54',54),('2018-12-07 17:12:54',55),('2018-12-07 17:12:54',1),('2018-12-07 17:12:54',53),('2018-12-07 17:12:54',54),('2018-12-07 17:12:54',55),('2018-12-07 17:15:46',1),('2018-12-07 17:15:46',53),('2018-12-07 17:15:46',54),('2018-12-07 17:15:46',55),('2018-12-07 17:15:46',1),('2018-12-07 17:15:46',53),('2018-12-07 17:15:46',54),('2018-12-07 17:15:46',55),('2018-12-07 17:15:46',1),('2018-12-07 17:15:46',53),('2018-12-07 17:15:46',54),('2018-12-07 17:15:46',55),('2018-12-07 17:15:47',1),('2018-12-07 17:15:47',53),('2018-12-07 17:15:47',54),('2018-12-07 17:15:47',55),('2018-12-07 17:15:47',1),('2018-12-07 17:15:47',53),('2018-12-07 17:15:47',54),('2018-12-07 17:15:47',55),('2018-12-07 17:15:47',1),('2018-12-07 17:15:47',53),('2018-12-07 17:15:47',54),('2018-12-07 17:15:47',55),('2018-12-07 17:15:47',1),('2018-12-07 17:15:47',53),('2018-12-07 17:15:47',54),('2018-12-07 17:15:47',55),('2018-12-07 17:15:48',1),('2018-12-07 17:15:48',53),('2018-12-07 17:15:48',54),('2018-12-07 17:15:48',55),('2018-12-07 17:15:48',1),('2018-12-07 17:15:48',53),('2018-12-07 17:15:48',54),('2018-12-07 17:15:48',55),('2018-12-07 17:15:48',1),('2018-12-07 17:15:48',53),('2018-12-07 17:15:48',54),('2018-12-07 17:15:48',55),('2018-12-07 17:15:49',1),('2018-12-07 17:15:49',53),('2018-12-07 17:15:49',54),('2018-12-07 17:15:49',55),('2018-12-07 17:15:49',1),('2018-12-07 17:15:49',53),('2018-12-07 17:15:49',54),('2018-12-07 17:15:49',55),('2018-12-07 17:16:52',1),('2018-12-07 17:16:52',53),('2018-12-07 17:16:52',54),('2018-12-07 17:16:52',55),('2018-12-07 17:16:52',1),('2018-12-07 17:16:52',53),('2018-12-07 17:16:53',54),('2018-12-07 17:16:53',55),('2018-12-07 17:16:53',1),('2018-12-07 17:16:53',53),('2018-12-07 17:16:53',54),('2018-12-07 17:16:53',55),('2018-12-07 17:16:55',1),('2018-12-07 17:16:55',53),('2018-12-07 17:16:55',54),('2018-12-07 17:16:55',55),('2018-12-07 17:16:55',1),('2018-12-07 17:16:55',53),('2018-12-07 17:16:55',54),('2018-12-07 17:16:55',55),('2018-12-07 17:16:56',1),('2018-12-07 17:16:56',53),('2018-12-07 17:16:56',54),('2018-12-07 17:16:56',55),('2018-12-07 17:16:56',1),('2018-12-07 17:16:56',53),('2018-12-07 17:16:56',54),('2018-12-07 17:16:56',55),('2018-12-07 17:16:58',1),('2018-12-07 17:16:58',53),('2018-12-07 17:16:58',54),('2018-12-07 17:16:58',55),('2018-12-07 17:16:59',1),('2018-12-07 17:16:59',53),('2018-12-07 17:16:59',54),('2018-12-07 17:16:59',55),('2018-12-07 17:17:00',1),('2018-12-07 17:17:00',53),('2018-12-07 17:17:00',54),('2018-12-07 17:17:00',55),('2018-12-07 17:17:01',1),('2018-12-07 17:17:01',53),('2018-12-07 17:17:01',54),('2018-12-07 17:17:01',55),('2018-12-07 17:17:02',1),('2018-12-07 17:17:02',53),('2018-12-07 17:17:02',54),('2018-12-07 17:17:02',55),('2018-12-07 17:17:10',1),('2018-12-07 17:17:10',53),('2018-12-07 17:17:10',54),('2018-12-07 17:17:10',55),('2018-12-07 17:17:10',1),('2018-12-07 17:17:10',53),('2018-12-07 17:17:10',54),('2018-12-07 17:17:10',55),('2018-12-07 17:17:11',1),('2018-12-07 17:17:11',53),('2018-12-07 17:17:11',54),('2018-12-07 17:17:11',55),('2018-12-07 17:17:12',1),('2018-12-07 17:17:12',53),('2018-12-07 17:17:13',54),('2018-12-07 17:17:13',55),('2018-12-07 17:17:13',1),('2018-12-07 17:17:13',53),('2018-12-07 17:17:13',54),('2018-12-07 17:17:13',55),('2018-12-07 17:17:13',1),('2018-12-07 17:17:14',53),('2018-12-07 17:17:14',54),('2018-12-07 17:17:14',55),('2018-12-07 17:17:14',1),('2018-12-07 17:17:14',53),('2018-12-07 17:17:14',54),('2018-12-07 17:17:14',55),('2018-12-07 17:17:16',1),('2018-12-07 17:17:16',53),('2018-12-07 17:17:16',54),('2018-12-07 17:17:16',55),('2018-12-07 17:17:17',1),('2018-12-07 17:17:17',53),('2018-12-07 17:17:17',54),('2018-12-07 17:17:17',55),('2018-12-07 17:17:18',1),('2018-12-07 17:17:18',53),('2018-12-07 17:17:18',54),('2018-12-07 17:17:18',55),('2018-12-07 17:17:18',1),('2018-12-07 17:17:18',53),('2018-12-07 17:17:19',54),('2018-12-07 17:17:19',55),('2018-12-07 17:17:19',1),('2018-12-07 17:17:19',53),('2018-12-07 17:17:20',54),('2018-12-07 17:17:20',55),('2018-12-07 17:18:20',1),('2018-12-07 17:18:20',53),('2018-12-07 17:18:20',54),('2018-12-07 17:18:20',55),('2018-12-07 17:18:20',1),('2018-12-07 17:18:20',53),('2018-12-07 17:18:21',54),('2018-12-07 17:18:21',55),('2018-12-07 17:18:21',1),('2018-12-07 17:18:21',53),('2018-12-07 17:18:21',54),('2018-12-07 17:18:21',55),('2018-12-07 17:18:23',1),('2018-12-07 17:18:23',53),('2018-12-07 17:18:23',54),('2018-12-07 17:18:23',55),('2018-12-07 17:18:23',1),('2018-12-07 17:18:23',53),('2018-12-07 17:18:23',54),('2018-12-07 17:18:23',55),('2018-12-07 17:18:24',1),('2018-12-07 17:18:24',53),('2018-12-07 17:18:24',54),('2018-12-07 17:18:24',55),('2018-12-07 17:18:24',1),('2018-12-07 17:18:24',53),('2018-12-07 17:18:25',54),('2018-12-07 17:18:25',55),('2018-12-07 17:18:26',1),('2018-12-07 17:18:26',53),('2018-12-07 17:18:26',54),('2018-12-07 17:18:26',55),('2018-12-07 17:18:27',1),('2018-12-07 17:18:27',53),('2018-12-07 17:18:27',54),('2018-12-07 17:18:28',55),('2018-12-07 17:18:28',1),('2018-12-07 17:18:28',53),('2018-12-07 17:18:28',54),('2018-12-07 17:18:28',55),('2018-12-07 17:18:29',1),('2018-12-07 17:18:29',53),('2018-12-07 17:18:29',54),('2018-12-07 17:18:29',55),('2018-12-07 17:18:30',1),('2018-12-07 17:18:30',53),('2018-12-07 17:18:30',54),('2018-12-07 17:18:30',55),('2018-12-07 17:19:07',1),('2018-12-07 17:19:07',53),('2018-12-07 17:19:07',54),('2018-12-07 17:19:07',55),('2018-12-07 17:19:21',1),('2018-12-07 17:19:21',53),('2018-12-07 17:19:21',54),('2018-12-07 17:19:21',55),('2018-12-07 17:19:52',1),('2018-12-07 17:19:52',53),('2018-12-07 17:19:52',54),('2018-12-07 17:19:52',55),('2018-12-07 17:20:24',1),('2018-12-07 17:20:24',53),('2018-12-07 17:20:24',54),('2018-12-07 17:20:24',55),('2018-12-07 17:20:52',1),('2018-12-07 17:20:52',53),('2018-12-07 17:20:53',54),('2018-12-07 17:20:53',55),('2018-12-07 17:21:22',1),('2018-12-07 17:21:22',53),('2018-12-07 17:21:22',54),('2018-12-07 17:21:22',55),('2018-12-07 17:21:22',1),('2018-12-07 17:21:22',53),('2018-12-07 17:21:22',54),('2018-12-07 17:21:22',55),('2018-12-07 17:21:23',1),('2018-12-07 17:21:23',53),('2018-12-07 17:21:23',54),('2018-12-07 17:21:23',55),('2018-12-07 17:21:23',1),('2018-12-07 17:21:23',53),('2018-12-07 17:21:23',54),('2018-12-07 17:21:23',55),('2018-12-07 17:21:23',1),('2018-12-07 17:21:23',53),('2018-12-07 17:21:23',54),('2018-12-07 17:21:23',55),('2018-12-07 17:21:23',1),('2018-12-07 17:21:23',53),('2018-12-07 17:21:24',54),('2018-12-07 17:21:24',55),('2018-12-07 17:21:24',1),('2018-12-07 17:21:24',53),('2018-12-07 17:21:24',54),('2018-12-07 17:21:24',55),('2018-12-07 17:21:24',1),('2018-12-07 17:21:24',53),('2018-12-07 17:21:24',54),('2018-12-07 17:21:24',55),('2018-12-07 17:21:24',1),('2018-12-07 17:21:24',53),('2018-12-07 17:21:25',54),('2018-12-07 17:21:25',55),('2018-12-07 17:21:25',1),('2018-12-07 17:21:25',53),('2018-12-07 17:21:25',54),('2018-12-07 17:21:25',55),('2018-12-07 17:21:25',1),('2018-12-07 17:21:25',53),('2018-12-07 17:21:25',54),('2018-12-07 17:21:25',55),('2018-12-07 17:21:25',1),('2018-12-07 17:21:25',53),('2018-12-07 17:21:25',54),('2018-12-07 17:21:25',55),('2018-12-10 08:58:55',76),('2018-12-10 08:59:06',1),('2018-12-10 08:59:13',76),('2018-12-10 09:10:01',1),('2018-12-10 09:10:02',53),('2018-12-10 09:10:03',54),('2018-12-10 09:10:03',55),('2018-12-10 09:10:04',1),('2018-12-10 09:10:04',53),('2018-12-10 09:10:04',54),('2018-12-10 09:10:04',55),('2018-12-10 09:10:05',1),('2018-12-10 09:10:06',53),('2018-12-10 09:10:06',54),('2018-12-10 09:10:06',55),('2018-12-10 09:10:07',1),('2018-12-10 09:10:07',53),('2018-12-10 09:10:07',54),('2018-12-10 09:10:07',55),('2018-12-10 09:10:07',1),('2018-12-10 09:10:07',53),('2018-12-10 09:10:07',54),('2018-12-10 09:10:07',55),('2018-12-10 09:10:07',1),('2018-12-10 09:10:08',53),('2018-12-10 09:10:08',54),('2018-12-10 09:10:08',55),('2018-12-10 09:10:08',1),('2018-12-10 09:10:08',53),('2018-12-10 09:10:08',54),('2018-12-10 09:10:08',55),('2018-12-10 09:10:10',1),('2018-12-10 09:10:10',53),('2018-12-10 09:10:10',54),('2018-12-10 09:10:10',55),('2018-12-10 09:10:11',1),('2018-12-10 09:10:11',53),('2018-12-10 09:10:11',54),('2018-12-10 09:10:11',55),('2018-12-10 09:10:11',1),('2018-12-10 09:10:11',53),('2018-12-10 09:10:12',54),('2018-12-10 09:10:12',55),('2018-12-10 09:10:12',1),('2018-12-10 09:10:12',53),('2018-12-10 09:10:12',54),('2018-12-10 09:10:12',55),('2018-12-10 09:10:12',1),('2018-12-10 09:10:13',53),('2018-12-10 09:10:13',54),('2018-12-10 09:10:13',55),('2018-12-10 09:10:34',1),('2018-12-10 09:10:35',53),('2018-12-10 09:10:35',54),('2018-12-10 09:10:35',55),('2018-12-10 09:10:35',1),('2018-12-10 09:10:35',53),('2018-12-10 09:10:35',54),('2018-12-10 09:10:35',55),('2018-12-10 09:10:35',1),('2018-12-10 09:10:35',53),('2018-12-10 09:10:35',54),('2018-12-10 09:10:35',55),('2018-12-10 09:10:36',1),('2018-12-10 09:10:36',53),('2018-12-10 09:10:36',54),('2018-12-10 09:10:36',55),('2018-12-10 09:10:36',1),('2018-12-10 09:10:36',53),('2018-12-10 09:10:36',54),('2018-12-10 09:10:36',55),('2018-12-10 09:10:36',1),('2018-12-10 09:10:36',53),('2018-12-10 09:10:37',54),('2018-12-10 09:10:37',55),('2018-12-10 09:10:37',1),('2018-12-10 09:10:37',53),('2018-12-10 09:10:37',54),('2018-12-10 09:10:37',55),('2018-12-10 09:10:38',1),('2018-12-10 09:10:38',53),('2018-12-10 09:10:38',54),('2018-12-10 09:10:38',55),('2018-12-10 09:10:38',1),('2018-12-10 09:10:38',53),('2018-12-10 09:10:38',54),('2018-12-10 09:10:38',55),('2018-12-10 09:10:39',1),('2018-12-10 09:10:39',53),('2018-12-10 09:10:39',54),('2018-12-10 09:10:39',55),('2018-12-10 09:10:39',1),('2018-12-10 09:10:39',53),('2018-12-10 09:10:39',54),('2018-12-10 09:10:39',55),('2018-12-10 09:10:39',1),('2018-12-10 09:10:39',53),('2018-12-10 09:10:39',54),('2018-12-10 09:10:39',55),('2018-12-10 13:58:59',1),('2018-12-10 13:59:12',54),('2018-12-10 19:52:56',76),('2018-12-10 19:57:47',54),('2018-12-10 19:57:52',1),('2018-12-10 19:58:26',54),('2018-12-10 19:58:28',1),('2018-12-10 20:07:59',1),('2018-12-10 20:07:59',53),('2018-12-10 20:08:00',54),('2018-12-10 20:08:00',55),('2018-12-10 20:18:10',1),('2018-12-10 20:18:10',53),('2018-12-10 20:18:10',54),('2018-12-10 20:18:10',55),('2018-12-10 20:22:45',1),('2018-12-10 20:22:45',53),('2018-12-10 20:22:45',54),('2018-12-10 20:22:45',55),('2018-12-10 21:22:20',1),('2018-12-10 21:22:20',53),('2018-12-10 21:22:20',54),('2018-12-10 21:22:20',55),('2018-12-10 21:22:56',1),('2018-12-10 21:22:56',53),('2018-12-10 21:22:56',54),('2018-12-10 21:22:56',55),('2018-12-10 21:23:22',1),('2018-12-10 21:23:22',53),('2018-12-10 21:23:22',54),('2018-12-10 21:23:22',55),('2018-12-11 06:21:44',1),('2018-12-11 06:21:45',53),('2018-12-11 06:21:45',54),('2018-12-11 06:21:45',55),('2018-12-11 06:22:43',1),('2018-12-11 06:22:43',53),('2018-12-11 06:22:43',54),('2018-12-11 06:22:43',55),('2018-12-11 06:25:34',1),('2018-12-11 06:25:34',53),('2018-12-11 06:25:34',54),('2018-12-11 06:25:34',55),('2018-12-11 06:26:52',1),('2018-12-11 06:26:52',53),('2018-12-11 06:26:52',54),('2018-12-11 06:26:52',55),('2018-12-11 06:26:52',1),('2018-12-11 06:26:52',53),('2018-12-11 06:26:52',54),('2018-12-11 06:26:52',55),('2018-12-11 06:26:52',1),('2018-12-11 06:26:52',53),('2018-12-11 06:26:53',54),('2018-12-11 06:26:53',55),('2018-12-11 06:26:53',1),('2018-12-11 06:26:53',53),('2018-12-11 06:26:53',54),('2018-12-11 06:26:53',55),('2018-12-11 06:26:53',1),('2018-12-11 06:26:53',53),('2018-12-11 06:26:53',54),('2018-12-11 06:26:53',55),('2018-12-11 06:26:53',1),('2018-12-11 06:26:53',53),('2018-12-11 06:26:53',54),('2018-12-11 06:26:53',55),('2018-12-11 06:26:54',1),('2018-12-11 06:26:54',53),('2018-12-11 06:26:54',54),('2018-12-11 06:26:54',55),('2018-12-11 06:26:54',1),('2018-12-11 06:26:54',53),('2018-12-11 06:26:54',54),('2018-12-11 06:26:54',55),('2018-12-11 06:26:55',1),('2018-12-11 06:26:55',53),('2018-12-11 06:26:55',54),('2018-12-11 06:26:55',55),('2018-12-11 06:26:55',1),('2018-12-11 06:26:55',53),('2018-12-11 06:26:55',54),('2018-12-11 06:26:55',55),('2018-12-11 06:26:55',1),('2018-12-11 06:26:55',53),('2018-12-11 06:26:55',54),('2018-12-11 06:26:55',55),('2018-12-11 06:26:56',1),('2018-12-11 06:26:56',53),('2018-12-11 06:26:56',54),('2018-12-11 06:26:56',55),('2018-12-11 06:27:19',1),('2018-12-11 06:27:19',53),('2018-12-11 06:27:19',54),('2018-12-11 06:27:19',55),('2018-12-11 06:27:19',1),('2018-12-11 06:27:19',53),('2018-12-11 06:27:19',54),('2018-12-11 06:27:19',55),('2018-12-11 06:27:20',1),('2018-12-11 06:27:20',53),('2018-12-11 06:27:20',54),('2018-12-11 06:27:20',55),('2018-12-11 06:27:20',1),('2018-12-11 06:27:20',53),('2018-12-11 06:27:20',54),('2018-12-11 06:27:20',55),('2018-12-11 06:27:20',1),('2018-12-11 06:27:20',53),('2018-12-11 06:27:20',54),('2018-12-11 06:27:20',55),('2018-12-11 06:27:21',1),('2018-12-11 06:27:21',53),('2018-12-11 06:27:21',54),('2018-12-11 06:27:21',55),('2018-12-11 06:27:21',1),('2018-12-11 06:27:21',53),('2018-12-11 06:27:21',54),('2018-12-11 06:27:21',55),('2018-12-11 06:27:21',1),('2018-12-11 06:27:21',53),('2018-12-11 06:27:21',54),('2018-12-11 06:27:21',55),('2018-12-11 06:27:22',1),('2018-12-11 06:27:22',53),('2018-12-11 06:27:22',54),('2018-12-11 06:27:22',55),('2018-12-11 06:27:22',1),('2018-12-11 06:27:22',53),('2018-12-11 06:27:22',54),('2018-12-11 06:27:22',55),('2018-12-11 06:27:22',1),('2018-12-11 06:27:22',53),('2018-12-11 06:27:22',54),('2018-12-11 06:27:22',55),('2018-12-11 06:27:23',1),('2018-12-11 06:27:23',53),('2018-12-11 06:27:23',54),('2018-12-11 06:27:23',55),('2018-12-11 06:34:57',1),('2018-12-11 06:34:57',53),('2018-12-11 06:34:57',54),('2018-12-11 06:34:57',55),('2018-12-11 06:34:57',1),('2018-12-11 06:34:58',53),('2018-12-11 06:34:58',54),('2018-12-11 06:34:58',55),('2018-12-11 06:34:58',1),('2018-12-11 06:34:58',53),('2018-12-11 06:34:58',54),('2018-12-11 06:34:58',55),('2018-12-11 06:34:59',1),('2018-12-11 06:34:59',53),('2018-12-11 06:34:59',54),('2018-12-11 06:34:59',55),('2018-12-11 06:34:59',1),('2018-12-11 06:34:59',53),('2018-12-11 06:34:59',54),('2018-12-11 06:34:59',55),('2018-12-11 06:34:59',1),('2018-12-11 06:34:59',53),('2018-12-11 06:34:59',54),('2018-12-11 06:34:59',55),('2018-12-11 06:34:59',1),('2018-12-11 06:34:59',53),('2018-12-11 06:34:59',54),('2018-12-11 06:34:59',55),('2018-12-11 06:35:00',1),('2018-12-11 06:35:00',53),('2018-12-11 06:35:00',54),('2018-12-11 06:35:00',55),('2018-12-11 06:35:00',1),('2018-12-11 06:35:00',53),('2018-12-11 06:35:01',54),('2018-12-11 06:35:01',55),('2018-12-11 06:35:01',1),('2018-12-11 06:35:01',53),('2018-12-11 06:35:01',54),('2018-12-11 06:35:01',55),('2018-12-11 06:35:01',1),('2018-12-11 06:35:01',53),('2018-12-11 06:35:01',54),('2018-12-11 06:35:01',55),('2018-12-11 06:35:02',1),('2018-12-11 06:35:02',53),('2018-12-11 06:35:02',54),('2018-12-11 06:35:02',55),('2018-12-11 06:41:28',1),('2018-12-11 06:41:29',53),('2018-12-11 06:41:29',54),('2018-12-11 06:41:29',55),('2018-12-11 06:41:29',1),('2018-12-11 06:41:29',53),('2018-12-11 06:41:29',54),('2018-12-11 06:41:29',55),('2018-12-11 06:41:30',1),('2018-12-11 06:41:30',53),('2018-12-11 06:41:30',54),('2018-12-11 06:41:30',55),('2018-12-11 06:41:30',1),('2018-12-11 06:41:30',53),('2018-12-11 06:41:30',54),('2018-12-11 06:41:30',55),('2018-12-11 06:41:31',1),('2018-12-11 06:41:31',53),('2018-12-11 06:41:31',54),('2018-12-11 06:41:31',55),('2018-12-11 06:41:31',1),('2018-12-11 06:41:31',53),('2018-12-11 06:41:31',54),('2018-12-11 06:41:31',55),('2018-12-11 06:41:31',1),('2018-12-11 06:41:31',53),('2018-12-11 06:41:31',54),('2018-12-11 06:41:31',55),('2018-12-11 06:41:31',1),('2018-12-11 06:41:31',53),('2018-12-11 06:41:31',54),('2018-12-11 06:41:32',55),('2018-12-11 06:41:32',1),('2018-12-11 06:41:32',53),('2018-12-11 06:41:32',54),('2018-12-11 06:41:32',55),('2018-12-11 06:41:33',1),('2018-12-11 06:41:33',53),('2018-12-11 06:41:33',54),('2018-12-11 06:41:33',55),('2018-12-11 06:41:33',1),('2018-12-11 06:41:33',53),('2018-12-11 06:41:33',54),('2018-12-11 06:41:33',55),('2018-12-11 06:41:33',1),('2018-12-11 06:41:33',53),('2018-12-11 06:41:33',54),('2018-12-11 06:41:33',55),('2018-12-11 06:42:47',1),('2018-12-11 06:42:47',53),('2018-12-11 06:42:47',54),('2018-12-11 06:42:47',55),('2018-12-11 06:42:47',1),('2018-12-11 06:42:47',53),('2018-12-11 06:42:47',54),('2018-12-11 06:42:47',55),('2018-12-11 06:42:47',1),('2018-12-11 06:42:47',53),('2018-12-11 06:42:47',54),('2018-12-11 06:42:47',55),('2018-12-11 06:42:48',1),('2018-12-11 06:42:48',53),('2018-12-11 06:42:48',54),('2018-12-11 06:42:48',55),('2018-12-11 06:42:48',1),('2018-12-11 06:42:48',53),('2018-12-11 06:42:48',54),('2018-12-11 06:42:48',55),('2018-12-11 06:42:48',1),('2018-12-11 06:42:48',53),('2018-12-11 06:42:48',54),('2018-12-11 06:42:48',55),('2018-12-11 06:42:48',1),('2018-12-11 06:42:48',53),('2018-12-11 06:42:48',54),('2018-12-11 06:42:48',55),('2018-12-11 06:42:49',1),('2018-12-11 06:42:49',53),('2018-12-11 06:42:49',54),('2018-12-11 06:42:49',55),('2018-12-11 06:42:49',1),('2018-12-11 06:42:49',53),('2018-12-11 06:42:49',54),('2018-12-11 06:42:49',55),('2018-12-11 06:42:49',1),('2018-12-11 06:42:49',53),('2018-12-11 06:42:49',54),('2018-12-11 06:42:50',55),('2018-12-11 06:42:50',1),('2018-12-11 06:42:50',53),('2018-12-11 06:42:50',54),('2018-12-11 06:42:50',55),('2018-12-11 06:42:50',1),('2018-12-11 06:42:50',53),('2018-12-11 06:42:50',54),('2018-12-11 06:42:50',55),('2018-12-11 06:44:25',1),('2018-12-11 06:44:25',53),('2018-12-11 06:44:25',54),('2018-12-11 06:44:25',55),('2018-12-11 06:44:25',1),('2018-12-11 06:44:25',53),('2018-12-11 06:44:26',54),('2018-12-11 06:44:26',55),('2018-12-11 06:44:26',1),('2018-12-11 06:44:26',53),('2018-12-11 06:44:26',54),('2018-12-11 06:44:26',55),('2018-12-11 06:44:26',1),('2018-12-11 06:44:26',53),('2018-12-11 06:44:27',54),('2018-12-11 06:44:27',55),('2018-12-11 06:44:27',1),('2018-12-11 06:44:27',53),('2018-12-11 06:44:27',54),('2018-12-11 06:44:27',55),('2018-12-11 06:44:27',1),('2018-12-11 06:44:27',53),('2018-12-11 06:44:27',54),('2018-12-11 06:44:27',55),('2018-12-11 06:44:27',1),('2018-12-11 06:44:27',53),('2018-12-11 06:44:27',54),('2018-12-11 06:44:27',55),('2018-12-11 06:44:28',1),('2018-12-11 06:44:28',53),('2018-12-11 06:44:28',54),('2018-12-11 06:44:28',55),('2018-12-11 06:44:28',1),('2018-12-11 06:44:28',53),('2018-12-11 06:44:28',54),('2018-12-11 06:44:28',55),('2018-12-11 06:44:29',1),('2018-12-11 06:44:29',53),('2018-12-11 06:44:29',54),('2018-12-11 06:44:29',55),('2018-12-11 06:44:29',1),('2018-12-11 06:44:29',53),('2018-12-11 06:44:29',54),('2018-12-11 06:44:29',55),('2018-12-11 06:44:30',1),('2018-12-11 06:44:30',53),('2018-12-11 06:44:30',54),('2018-12-11 06:44:30',55),('2018-12-11 06:47:38',1),('2018-12-11 06:47:38',53),('2018-12-11 06:47:38',54),('2018-12-11 06:47:38',55),('2018-12-11 06:47:51',1),('2018-12-11 06:47:51',53),('2018-12-11 06:47:51',54),('2018-12-11 06:47:51',55),('2018-12-11 06:47:57',1),('2018-12-11 06:47:57',53),('2018-12-11 06:47:57',54),('2018-12-11 06:47:57',55),('2018-12-11 06:48:49',1),('2018-12-11 06:48:49',53),('2018-12-11 06:48:49',54),('2018-12-11 06:48:49',55),('2018-12-11 06:49:32',1),('2018-12-11 06:49:32',53),('2018-12-11 06:49:32',54),('2018-12-11 06:49:32',55),('2018-12-11 06:50:38',1),('2018-12-11 06:50:38',53),('2018-12-11 06:50:38',54),('2018-12-11 06:50:38',55),('2018-12-11 06:52:52',1),('2018-12-11 06:52:53',53),('2018-12-11 06:52:53',54),('2018-12-11 06:52:53',55),('2018-12-11 06:54:33',1),('2018-12-11 06:54:33',53),('2018-12-11 06:54:33',54),('2018-12-11 06:54:33',55),('2018-12-11 06:55:22',1),('2018-12-11 06:55:22',53),('2018-12-11 06:55:22',54),('2018-12-11 06:55:22',55),('2018-12-11 06:55:36',1),('2018-12-11 06:55:36',53),('2018-12-11 06:55:36',54),('2018-12-11 06:55:36',55),('2018-12-11 06:55:36',1),('2018-12-11 06:55:36',53),('2018-12-11 06:55:36',54),('2018-12-11 06:55:36',55),('2018-12-11 06:55:37',1),('2018-12-11 06:55:37',53),('2018-12-11 06:55:37',54),('2018-12-11 06:55:37',55),('2018-12-11 06:55:37',1),('2018-12-11 06:55:37',53),('2018-12-11 06:55:37',54),('2018-12-11 06:55:37',55),('2018-12-11 06:55:37',1),('2018-12-11 06:55:38',53),('2018-12-11 06:55:38',54),('2018-12-11 06:55:38',55),('2018-12-11 06:55:38',1),('2018-12-11 06:55:38',53),('2018-12-11 06:55:38',54),('2018-12-11 06:55:38',55),('2018-12-11 06:55:38',1),('2018-12-11 06:55:38',53),('2018-12-11 06:55:38',54),('2018-12-11 06:55:38',55),('2018-12-11 06:55:38',1),('2018-12-11 06:55:39',53),('2018-12-11 06:55:39',54),('2018-12-11 06:55:39',55),('2018-12-11 06:55:39',1),('2018-12-11 06:55:39',53),('2018-12-11 06:55:39',54),('2018-12-11 06:55:39',55),('2018-12-11 06:55:39',1),('2018-12-11 06:55:39',53),('2018-12-11 06:55:39',54),('2018-12-11 06:55:39',55),('2018-12-11 06:55:40',1),('2018-12-11 06:55:40',53),('2018-12-11 06:55:40',54),('2018-12-11 06:55:40',55),('2018-12-11 06:55:40',1),('2018-12-11 06:55:40',53),('2018-12-11 06:55:40',54),('2018-12-11 06:55:40',55),('2018-12-11 07:11:56',1),('2018-12-11 07:11:56',53),('2018-12-11 07:11:56',54),('2018-12-11 07:11:56',55),('2018-12-11 07:11:56',1),('2018-12-11 07:11:56',53),('2018-12-11 07:11:58',54),('2018-12-11 07:11:58',55),('2018-12-11 07:11:58',1),('2018-12-11 07:11:58',53),('2018-12-11 07:11:58',54),('2018-12-11 07:11:58',55),('2018-12-11 07:11:59',1),('2018-12-11 07:11:59',53),('2018-12-11 07:11:59',54),('2018-12-11 07:11:59',55),('2018-12-11 07:11:59',1),('2018-12-11 07:11:59',53),('2018-12-11 07:11:59',54),('2018-12-11 07:11:59',55),('2018-12-11 07:11:59',1),('2018-12-11 07:11:59',53),('2018-12-11 07:11:59',54),('2018-12-11 07:11:59',55),('2018-12-11 07:11:59',1),('2018-12-11 07:11:59',53),('2018-12-11 07:12:00',54),('2018-12-11 07:12:00',55),('2018-12-11 07:12:00',1),('2018-12-11 07:12:00',53),('2018-12-11 07:12:00',54),('2018-12-11 07:12:00',55),('2018-12-11 07:12:00',1),('2018-12-11 07:12:00',53),('2018-12-11 07:12:00',54),('2018-12-11 07:12:00',55),('2018-12-11 07:12:01',1),('2018-12-11 07:12:01',53),('2018-12-11 07:12:01',54),('2018-12-11 07:12:01',55),('2018-12-11 07:12:01',1),('2018-12-11 07:12:01',53),('2018-12-11 07:12:01',54),('2018-12-11 07:12:01',55),('2018-12-11 07:12:01',1),('2018-12-11 07:12:01',53),('2018-12-11 07:12:01',54),('2018-12-11 07:12:01',55),('2018-12-11 07:12:38',1),('2018-12-11 07:12:39',53),('2018-12-11 07:12:39',54),('2018-12-11 07:12:39',55),('2018-12-11 07:12:39',1),('2018-12-11 07:12:39',53),('2018-12-11 07:12:39',54),('2018-12-11 07:12:39',55),('2018-12-11 07:12:39',1),('2018-12-11 07:12:39',53),('2018-12-11 07:12:39',54),('2018-12-11 07:12:39',55),('2018-12-11 07:12:39',1),('2018-12-11 07:12:40',53),('2018-12-11 07:12:40',54),('2018-12-11 07:12:40',55),('2018-12-11 07:12:40',1),('2018-12-11 07:12:40',53),('2018-12-11 07:12:40',54),('2018-12-11 07:12:40',55),('2018-12-11 07:12:40',1),('2018-12-11 07:12:40',53),('2018-12-11 07:12:40',54),('2018-12-11 07:12:40',55),('2018-12-11 07:12:40',1),('2018-12-11 07:12:40',53),('2018-12-11 07:12:40',54),('2018-12-11 07:12:40',55),('2018-12-11 07:12:41',1),('2018-12-11 07:12:41',53),('2018-12-11 07:12:41',54),('2018-12-11 07:12:41',55),('2018-12-11 07:12:41',1),('2018-12-11 07:12:41',53),('2018-12-11 07:12:41',54),('2018-12-11 07:12:41',55),('2018-12-11 07:12:41',1),('2018-12-11 07:12:41',53),('2018-12-11 07:12:42',54),('2018-12-11 07:12:42',55),('2018-12-11 07:12:42',1),('2018-12-11 07:12:42',53),('2018-12-11 07:12:42',54),('2018-12-11 07:12:42',55),('2018-12-11 07:12:42',1),('2018-12-11 07:12:42',53),('2018-12-11 07:12:42',54),('2018-12-11 07:12:42',55),('2018-12-11 07:12:45',1),('2018-12-11 07:12:46',53),('2018-12-11 07:12:46',54),('2018-12-11 07:12:46',55),('2018-12-11 07:12:46',1),('2018-12-11 07:12:46',53),('2018-12-11 07:12:46',54),('2018-12-11 07:12:46',55),('2018-12-11 07:12:46',1),('2018-12-11 07:12:46',53),('2018-12-11 07:12:46',54),('2018-12-11 07:12:46',55),('2018-12-11 07:12:46',1),('2018-12-11 07:12:47',53),('2018-12-11 07:12:47',54),('2018-12-11 07:12:47',55),('2018-12-11 07:12:47',1),('2018-12-11 07:12:47',53),('2018-12-11 07:12:47',54),('2018-12-11 07:12:47',55),('2018-12-11 07:12:47',1),('2018-12-11 07:12:47',53),('2018-12-11 07:12:47',54),('2018-12-11 07:12:47',55),('2018-12-11 07:12:47',1),('2018-12-11 07:12:47',53),('2018-12-11 07:12:47',54),('2018-12-11 07:12:47',55),('2018-12-11 07:12:48',1),('2018-12-11 07:12:48',53),('2018-12-11 07:12:48',54),('2018-12-11 07:12:48',55),('2018-12-11 07:12:48',1),('2018-12-11 07:12:48',53),('2018-12-11 07:12:48',54),('2018-12-11 07:12:48',55),('2018-12-11 07:12:48',1),('2018-12-11 07:12:48',53),('2018-12-11 07:12:48',54),('2018-12-11 07:12:49',55),('2018-12-11 07:12:49',1),('2018-12-11 07:12:49',53),('2018-12-11 07:12:49',54),('2018-12-11 07:12:49',55),('2018-12-11 07:12:49',1),('2018-12-11 07:12:49',53),('2018-12-11 07:12:49',54),('2018-12-11 07:12:49',55),('2018-12-11 07:12:58',1),('2018-12-11 07:12:58',53),('2018-12-11 07:12:58',54),('2018-12-11 07:12:58',55),('2018-12-11 07:12:58',1),('2018-12-11 07:12:58',53),('2018-12-11 07:12:58',54),('2018-12-11 07:12:58',55),('2018-12-11 07:12:58',1),('2018-12-11 07:12:58',53),('2018-12-11 07:12:58',54),('2018-12-11 07:12:58',55),('2018-12-11 07:12:59',1),('2018-12-11 07:12:59',53),('2018-12-11 07:12:59',54),('2018-12-11 07:12:59',55),('2018-12-11 07:12:59',1),('2018-12-11 07:12:59',53),('2018-12-11 07:12:59',54),('2018-12-11 07:12:59',55),('2018-12-11 07:12:59',1),('2018-12-11 07:12:59',53),('2018-12-11 07:12:59',54),('2018-12-11 07:12:59',55),('2018-12-11 07:12:59',1),('2018-12-11 07:12:59',53),('2018-12-11 07:12:59',54),('2018-12-11 07:12:59',55),('2018-12-11 07:13:00',1),('2018-12-11 07:13:00',53),('2018-12-11 07:13:00',54),('2018-12-11 07:13:00',55),('2018-12-11 07:13:00',1),('2018-12-11 07:13:00',53),('2018-12-11 07:13:00',54),('2018-12-11 07:13:00',55),('2018-12-11 07:13:01',1),('2018-12-11 07:13:01',53),('2018-12-11 07:13:01',54),('2018-12-11 07:13:01',55),('2018-12-11 07:13:01',1),('2018-12-11 07:13:01',53),('2018-12-11 07:13:01',54),('2018-12-11 07:13:01',55),('2018-12-11 07:13:01',1),('2018-12-11 07:13:01',53),('2018-12-11 07:13:01',54),('2018-12-11 07:13:01',55),('2018-12-11 07:13:03',1),('2018-12-11 07:13:04',53),('2018-12-11 07:13:04',54),('2018-12-11 07:13:04',55),('2018-12-11 07:13:04',1),('2018-12-11 07:13:04',53),('2018-12-11 07:13:04',54),('2018-12-11 07:13:04',55),('2018-12-11 07:13:04',1),('2018-12-11 07:13:04',53),('2018-12-11 07:13:04',54),('2018-12-11 07:13:04',55),('2018-12-11 07:13:04',1),('2018-12-11 07:13:05',53),('2018-12-11 07:13:05',54),('2018-12-11 07:13:05',55),('2018-12-11 07:13:05',1),('2018-12-11 07:13:05',53),('2018-12-11 07:13:05',54),('2018-12-11 07:13:05',55),('2018-12-11 07:13:05',1),('2018-12-11 07:13:05',53),('2018-12-11 07:13:05',54),('2018-12-11 07:13:05',55),('2018-12-11 07:13:05',1),('2018-12-11 07:13:05',53),('2018-12-11 07:13:05',54),('2018-12-11 07:13:05',55),('2018-12-11 07:13:06',1),('2018-12-11 07:13:06',53),('2018-12-11 07:13:06',54),('2018-12-11 07:13:06',55),('2018-12-11 07:13:06',1),('2018-12-11 07:13:06',53),('2018-12-11 07:13:06',54),('2018-12-11 07:13:06',55),('2018-12-11 07:13:06',1),('2018-12-11 07:13:06',53),('2018-12-11 07:13:06',54),('2018-12-11 07:13:07',55),('2018-12-11 07:13:07',1),('2018-12-11 07:13:07',53),('2018-12-11 07:13:07',54),('2018-12-11 07:13:07',55),('2018-12-11 07:13:07',1),('2018-12-11 07:13:07',53),('2018-12-11 07:13:07',54),('2018-12-11 07:13:07',55),('2018-12-11 09:20:15',1),('2018-12-11 09:20:15',53),('2018-12-11 09:20:15',54),('2018-12-11 09:20:15',55),('2018-12-11 09:20:16',1),('2018-12-11 09:20:16',53),('2018-12-11 09:20:16',54),('2018-12-11 09:20:16',55),('2018-12-11 09:20:16',1),('2018-12-11 09:20:16',53),('2018-12-11 09:20:16',54),('2018-12-11 09:20:16',55),('2018-12-11 09:20:16',1),('2018-12-11 09:20:16',53),('2018-12-11 09:20:16',54),('2018-12-11 09:20:16',55),('2018-12-11 09:20:17',1),('2018-12-11 09:20:17',53),('2018-12-11 09:20:17',54),('2018-12-11 09:20:17',55),('2018-12-11 09:20:17',1),('2018-12-11 09:20:17',53),('2018-12-11 09:20:17',54),('2018-12-11 09:20:17',55),('2018-12-11 09:20:17',1),('2018-12-11 09:20:17',53),('2018-12-11 09:20:17',54),('2018-12-11 09:20:17',55),('2018-12-11 09:20:17',1),('2018-12-11 09:20:17',53),('2018-12-11 09:20:17',54),('2018-12-11 09:20:17',55),('2018-12-11 09:20:17',1),('2018-12-11 09:20:18',53),('2018-12-11 09:20:18',54),('2018-12-11 09:20:18',55),('2018-12-11 09:20:18',1),('2018-12-11 09:20:18',53),('2018-12-11 09:20:18',54),('2018-12-11 09:20:18',55),('2018-12-11 09:20:18',1),('2018-12-11 09:20:18',53),('2018-12-11 09:20:18',54),('2018-12-11 09:20:18',55),('2018-12-11 09:20:18',1),('2018-12-11 09:20:18',53),('2018-12-11 09:20:18',54),('2018-12-11 09:20:18',55),('2018-12-11 09:20:56',1),('2018-12-11 09:20:56',53),('2018-12-11 09:20:56',54),('2018-12-11 09:20:56',55),('2018-12-11 09:20:56',1),('2018-12-11 09:20:56',53),('2018-12-11 09:20:57',54),('2018-12-11 09:20:57',55),('2018-12-11 09:20:57',1),('2018-12-11 09:20:57',53),('2018-12-11 09:20:57',54),('2018-12-11 09:20:57',55),('2018-12-11 09:20:57',1),('2018-12-11 09:20:57',53),('2018-12-11 09:20:57',54),('2018-12-11 09:20:57',55),('2018-12-11 09:20:57',1),('2018-12-11 09:20:57',53),('2018-12-11 09:20:57',54),('2018-12-11 09:20:58',55),('2018-12-11 09:20:58',1),('2018-12-11 09:20:58',53),('2018-12-11 09:20:58',54),('2018-12-11 09:20:58',55),('2018-12-11 09:20:58',1),('2018-12-11 09:20:58',53),('2018-12-11 09:20:58',54),('2018-12-11 09:20:58',55),('2018-12-11 09:20:58',1),('2018-12-11 09:20:58',53),('2018-12-11 09:20:58',54),('2018-12-11 09:20:58',55),('2018-12-11 09:20:59',1),('2018-12-11 09:20:59',53),('2018-12-11 09:20:59',54),('2018-12-11 09:20:59',55),('2018-12-11 09:20:59',1),('2018-12-11 09:20:59',53),('2018-12-11 09:20:59',54),('2018-12-11 09:20:59',55),('2018-12-11 09:20:59',1),('2018-12-11 09:20:59',53),('2018-12-11 09:20:59',54),('2018-12-11 09:20:59',55),('2018-12-11 09:21:00',1),('2018-12-11 09:21:00',53),('2018-12-11 09:21:00',54),('2018-12-11 09:21:00',55),('2018-12-11 14:30:31',54),('2018-12-12 16:46:41',1),('2018-12-13 10:47:45',53),('2018-12-13 13:57:56',76),('2018-12-15 18:26:06',1),('2018-12-15 18:26:06',53),('2018-12-15 18:26:07',54),('2018-12-15 18:26:07',55),('2018-12-15 18:26:07',1),('2018-12-15 18:26:07',53),('2018-12-15 18:26:07',54),('2018-12-15 18:26:07',55),('2018-12-15 18:26:07',1),('2018-12-15 18:26:07',53),('2018-12-15 18:26:07',54),('2018-12-15 18:26:07',55),('2018-12-15 18:26:08',1),('2018-12-15 18:26:08',53),('2018-12-15 18:26:08',54),('2018-12-15 18:26:08',55),('2018-12-15 18:26:08',1),('2018-12-15 18:26:08',53),('2018-12-15 18:26:08',54),('2018-12-15 18:26:08',55),('2018-12-15 18:26:08',1),('2018-12-15 18:26:08',53),('2018-12-15 18:26:08',54),('2018-12-15 18:26:08',55),('2018-12-15 18:26:08',1),('2018-12-15 18:26:08',53),('2018-12-15 18:26:09',54),('2018-12-15 18:26:09',55),('2018-12-15 18:26:10',1),('2018-12-15 18:26:10',53),('2018-12-15 18:26:10',54),('2018-12-15 18:26:10',55),('2018-12-15 18:26:10',1),('2018-12-15 18:26:10',53),('2018-12-15 18:26:10',54),('2018-12-15 18:26:10',55),('2018-12-15 18:26:11',1),('2018-12-15 18:26:11',53),('2018-12-15 18:26:11',54),('2018-12-15 18:26:11',55),('2018-12-15 18:26:11',1),('2018-12-15 18:26:11',53),('2018-12-15 18:26:11',54),('2018-12-15 18:26:11',55),('2018-12-15 18:26:11',1),('2018-12-15 18:26:11',53),('2018-12-15 18:26:11',54),('2018-12-15 18:26:11',55),('2018-12-15 18:26:36',1),('2018-12-15 18:26:36',53),('2018-12-15 18:26:36',54),('2018-12-15 18:26:36',55),('2018-12-15 18:26:36',1),('2018-12-15 18:26:36',53),('2018-12-15 18:26:36',54),('2018-12-15 18:26:36',55),('2018-12-15 18:26:37',1),('2018-12-15 18:26:37',53),('2018-12-15 18:26:37',54),('2018-12-15 18:26:37',55),('2018-12-15 18:26:37',1),('2018-12-15 18:26:37',53),('2018-12-15 18:26:37',54),('2018-12-15 18:26:37',55),('2018-12-15 18:26:38',1),('2018-12-15 18:26:38',53),('2018-12-15 18:26:38',54),('2018-12-15 18:26:38',55),('2018-12-15 18:26:38',1),('2018-12-15 18:26:38',53),('2018-12-15 18:26:38',54),('2018-12-15 18:26:38',55),('2018-12-15 18:26:38',1),('2018-12-15 18:26:38',53),('2018-12-15 18:26:38',54),('2018-12-15 18:26:38',55),('2018-12-15 18:26:39',1),('2018-12-15 18:26:39',53),('2018-12-15 18:26:39',54),('2018-12-15 18:26:39',55),('2018-12-15 18:26:39',1),('2018-12-15 18:26:39',53),('2018-12-15 18:26:39',54),('2018-12-15 18:26:39',55),('2018-12-15 18:26:40',1),('2018-12-15 18:26:40',53),('2018-12-15 18:26:40',54),('2018-12-15 18:26:40',55),('2018-12-15 18:26:40',1),('2018-12-15 18:26:40',53),('2018-12-15 18:26:40',54),('2018-12-15 18:26:40',55),('2018-12-15 18:26:40',1),('2018-12-15 18:26:40',53),('2018-12-15 18:26:40',54),('2018-12-15 18:26:40',55),('2018-12-15 18:27:50',1),('2018-12-15 18:27:50',53),('2018-12-15 18:27:50',54),('2018-12-15 18:27:50',55),('2018-12-15 18:27:51',1),('2018-12-15 18:27:51',53),('2018-12-15 18:27:51',54),('2018-12-15 18:27:51',55),('2018-12-15 18:27:51',1),('2018-12-15 18:27:51',53),('2018-12-15 18:27:51',54),('2018-12-15 18:27:51',55),('2018-12-15 18:27:52',1),('2018-12-15 18:27:52',53),('2018-12-15 18:27:52',54),('2018-12-15 18:27:52',55),('2018-12-15 18:27:52',1),('2018-12-15 18:27:52',53),('2018-12-15 18:27:52',54),('2018-12-15 18:27:52',55),('2018-12-15 18:27:52',1),('2018-12-15 18:27:52',53),('2018-12-15 18:27:52',54),('2018-12-15 18:27:52',55),('2018-12-15 18:27:52',1),('2018-12-15 18:27:52',53),('2018-12-15 18:27:52',54),('2018-12-15 18:27:52',55),('2018-12-15 18:27:53',1),('2018-12-15 18:27:53',53),('2018-12-15 18:27:53',54),('2018-12-15 18:27:53',55),('2018-12-15 18:27:53',1),('2018-12-15 18:27:53',53),('2018-12-15 18:27:53',54),('2018-12-15 18:27:53',55),('2018-12-15 18:27:54',1),('2018-12-15 18:27:54',53),('2018-12-15 18:27:54',54),('2018-12-15 18:27:54',55),('2018-12-15 18:27:54',1),('2018-12-15 18:27:54',53),('2018-12-15 18:27:54',54),('2018-12-15 18:27:54',55),('2018-12-15 18:27:54',1),('2018-12-15 18:27:54',53),('2018-12-15 18:27:54',54),('2018-12-15 18:27:54',55),('2018-12-15 18:28:44',1),('2018-12-15 18:28:44',53),('2018-12-15 18:28:44',54),('2018-12-15 18:28:44',55),('2018-12-15 18:28:44',1),('2018-12-15 18:28:44',53),('2018-12-15 18:28:44',54),('2018-12-15 18:28:45',55),('2018-12-15 18:28:45',1),('2018-12-15 18:28:45',53),('2018-12-15 18:28:45',54),('2018-12-15 18:28:45',55),('2018-12-15 18:28:45',1),('2018-12-15 18:28:45',53),('2018-12-15 18:28:45',54),('2018-12-15 18:28:46',55),('2018-12-15 18:28:46',1),('2018-12-15 18:28:46',53),('2018-12-15 18:28:46',54),('2018-12-15 18:28:46',55),('2018-12-15 18:28:46',1),('2018-12-15 18:28:46',53),('2018-12-15 18:28:46',54),('2018-12-15 18:28:46',55),('2018-12-15 18:28:46',1),('2018-12-15 18:28:46',53),('2018-12-15 18:28:46',54),('2018-12-15 18:28:46',55),('2018-12-15 18:28:46',1),('2018-12-15 18:28:46',53),('2018-12-15 18:28:46',54),('2018-12-15 18:28:46',55),('2018-12-15 18:28:47',1),('2018-12-15 18:28:47',53),('2018-12-15 18:28:47',54),('2018-12-15 18:28:47',55),('2018-12-15 18:28:47',1),('2018-12-15 18:28:47',53),('2018-12-15 18:28:47',54),('2018-12-15 18:28:47',55),('2018-12-15 18:28:47',1),('2018-12-15 18:28:47',53),('2018-12-15 18:28:47',54),('2018-12-15 18:28:47',55),('2018-12-15 18:28:47',1),('2018-12-15 18:28:48',53),('2018-12-15 18:28:48',54),('2018-12-15 18:28:48',55),('2018-12-15 18:32:32',1),('2018-12-15 18:32:32',53),('2018-12-15 18:32:32',54),('2018-12-15 18:32:32',55),('2018-12-15 18:32:32',1),('2018-12-15 18:32:32',53),('2018-12-15 18:32:32',54),('2018-12-15 18:32:32',55),('2018-12-15 18:32:32',1),('2018-12-15 18:32:33',53),('2018-12-15 18:32:33',54),('2018-12-15 18:32:33',55),('2018-12-15 18:32:33',1),('2018-12-15 18:32:33',53),('2018-12-15 18:32:33',54),('2018-12-15 18:32:33',55),('2018-12-15 18:32:33',1),('2018-12-15 18:32:33',53),('2018-12-15 18:32:33',54),('2018-12-15 18:32:33',55),('2018-12-15 18:32:33',1),('2018-12-15 18:32:33',53),('2018-12-15 18:32:33',54),('2018-12-15 18:32:34',55),('2018-12-15 18:32:34',1),('2018-12-15 18:32:34',53),('2018-12-15 18:32:34',54),('2018-12-15 18:32:34',55),('2018-12-15 18:32:34',1),('2018-12-15 18:32:34',53),('2018-12-15 18:32:34',54),('2018-12-15 18:32:34',55),('2018-12-15 18:32:35',1),('2018-12-15 18:32:35',53),('2018-12-15 18:32:35',54),('2018-12-15 18:32:35',55),('2018-12-15 18:32:35',1),('2018-12-15 18:32:35',53),('2018-12-15 18:32:36',54),('2018-12-15 18:32:36',55),('2018-12-15 18:32:36',1),('2018-12-15 18:32:36',53),('2018-12-15 18:32:36',54),('2018-12-15 18:32:36',55),('2018-12-15 18:32:36',1),('2018-12-15 18:32:36',53),('2018-12-15 18:32:36',54),('2018-12-15 18:32:36',55),('2018-12-15 19:04:41',1),('2018-12-15 20:18:04',76),('2018-12-15 20:19:14',76),('2018-12-15 20:20:49',76),('2018-12-15 20:21:39',76),('2018-12-15 20:22:10',76),('2018-12-15 20:22:34',76),('2018-12-15 20:24:51',76),('2018-12-15 20:25:48',76),('2018-12-15 20:26:26',76),('2018-12-15 20:27:11',76),('2018-12-15 20:27:27',76),('2018-12-15 20:28:19',76),('2018-12-15 20:28:29',76),('2018-12-15 20:29:05',76),('2018-12-15 20:29:18',76),('2018-12-15 21:52:40',1),('2018-12-15 21:52:41',53),('2018-12-15 21:52:41',54),('2018-12-15 21:52:41',55),('2018-12-15 21:52:41',1),('2018-12-15 21:52:41',53),('2018-12-15 21:52:41',54),('2018-12-15 21:52:42',55),('2018-12-15 21:52:42',1),('2018-12-15 21:52:42',53),('2018-12-15 21:52:42',54),('2018-12-15 21:52:42',55),('2018-12-15 21:52:42',1),('2018-12-15 21:52:42',53),('2018-12-15 21:52:42',54),('2018-12-15 21:52:42',55),('2018-12-15 21:52:43',1),('2018-12-15 21:52:43',53),('2018-12-15 21:52:43',54),('2018-12-15 21:52:43',55),('2018-12-15 21:52:43',1),('2018-12-15 21:52:43',53),('2018-12-15 21:52:43',54),('2018-12-15 21:52:43',55),('2018-12-15 21:52:43',1),('2018-12-15 21:52:43',53),('2018-12-15 21:52:43',54),('2018-12-15 21:52:43',55),('2018-12-15 21:52:44',1),('2018-12-15 21:52:44',53),('2018-12-15 21:52:44',54),('2018-12-15 21:52:44',55),('2018-12-15 21:52:44',1),('2018-12-15 21:52:44',53),('2018-12-15 21:52:44',54),('2018-12-15 21:52:44',55),('2018-12-15 21:52:45',1),('2018-12-15 21:52:45',53),('2018-12-15 21:52:45',54),('2018-12-15 21:52:45',55),('2018-12-15 21:52:45',1),('2018-12-15 21:52:45',53),('2018-12-15 21:52:45',54),('2018-12-15 21:52:45',55),('2018-12-15 21:52:46',1),('2018-12-15 21:52:46',53),('2018-12-15 21:52:46',54),('2018-12-15 21:52:46',55),('2018-12-17 09:59:02',76),('2018-12-17 09:59:10',54),('2018-12-17 09:59:11',1),('2018-12-17 09:59:35',76),('2018-12-17 12:31:57',57),('2018-12-17 12:55:24',76),('2018-12-17 12:55:47',76),('2018-12-17 12:55:54',54),('2018-12-17 12:55:55',1),('2018-12-17 12:56:22',76),('2018-12-17 13:08:55',76),('2018-12-17 13:09:02',54),('2018-12-17 13:09:03',1),('2018-12-17 13:09:25',76);
/*!40000 ALTER TABLE `login_log` ENABLE KEYS */;
UNLOCK TABLES;

--
-- Table structure for table `role`
--

DROP TABLE IF EXISTS `role`;
/*!40101 SET @saved_cs_client     = @@character_set_client */;
 SET character_set_client = utf8mb4 ;
CREATE TABLE `role` (
  `role_id` int(11) NOT NULL,
  `role_name` varchar(30) COLLATE utf8_bin DEFAULT NULL,
  `role_description` varchar(200) COLLATE utf8_bin DEFAULT NULL,
  PRIMARY KEY (`role_id`)
) ENGINE=InnoDB DEFAULT CHARSET=utf8 COLLATE=utf8_bin;
/*!40101 SET character_set_client = @saved_cs_client */;

--
-- Dumping data for table `role`
--

LOCK TABLES `role` WRITE;
/*!40000 ALTER TABLE `role` DISABLE KEYS */;
INSERT INTO `role` VALUES (1,'admin','Can delete and grand users. Can create courses'),(2,'moderator','Can create courses'),(4,'docent','Can edit course, can create task for course, grant tutor to other course'),(8,'tutor','Can edit course, can create task for course'),(16,'student',NULL);
/*!40000 ALTER TABLE `role` ENABLE KEYS */;
UNLOCK TABLES;

--
-- Table structure for table `submission`
--

DROP TABLE IF EXISTS `submission`;
/*!40101 SET @saved_cs_client     = @@character_set_client */;
 SET character_set_client = utf8mb4 ;
CREATE TABLE `submission` (
  `submission_id` int(11) NOT NULL AUTO_INCREMENT,
  `passed` tinyint(4) DEFAULT NULL,
  `message` varchar(45) DEFAULT NULL,
  `result` text,
  `submit_date` timestamp NULL DEFAULT CURRENT_TIMESTAMP,
  `result_date` timestamp NULL DEFAULT NULL,
  `user_id` int(11) DEFAULT NULL,
  `task_id` int(11) DEFAULT NULL,
  `filename` varchar(255) DEFAULT NULL,
  `submission_data` text,
  PRIMARY KEY (`submission_id`),
  KEY `submission_task_taskid_fk` (`task_id`),
  KEY `submission_users_userid_fk` (`user_id`),
  CONSTRAINT `submission_task_taskid_fk` FOREIGN KEY (`task_id`) REFERENCES `task` (`task_id`) ON DELETE CASCADE ON UPDATE CASCADE,
  CONSTRAINT `submission_users_userid_fk` FOREIGN KEY (`user_id`) REFERENCES `user` (`user_id`) ON DELETE CASCADE ON UPDATE CASCADE
) ENGINE=InnoDB AUTO_INCREMENT=202 DEFAULT CHARSET=utf8mb4 COLLATE=utf8mb4_0900_ai_ci;
/*!40101 SET character_set_client = @saved_cs_client */;

--
-- Dumping data for table `submission`
--

LOCK TABLES `submission` WRITE;
/*!40000 ALTER TABLE `submission` DISABLE KEYS */;
INSERT INTO `submission` VALUES (39,0,NULL,'correct: token and md5 hash are identical','2018-11-12 09:58:59',NULL,53,3,NULL,NULL),(40,1,NULL,'fault: token and md5 hash are not identical','2018-11-12 10:00:17',NULL,53,3,NULL,NULL),(41,0,NULL,'correct: token and md5 hash are identical','2018-11-12 10:01:22',NULL,53,3,NULL,NULL),(42,0,NULL,'correct: token and md5 hash are identical','2018-11-12 13:05:47',NULL,53,3,NULL,NULL),(43,1,NULL,'fault: token and md5 hash are not identical','2018-11-12 13:06:26',NULL,53,3,NULL,NULL),(44,0,NULL,'correct: token and md5 hash are identical','2018-11-12 13:07:25',NULL,53,3,NULL,NULL),(45,NULL,NULL,NULL,'2018-11-13 09:30:33',NULL,53,3,NULL,NULL),(46,NULL,NULL,NULL,'2018-11-13 09:49:04',NULL,53,3,NULL,NULL),(47,0,NULL,'correct: token and md5 hash are identical\n','2018-11-15 07:31:07',NULL,53,3,NULL,NULL),(48,0,NULL,'correct: token and md5 hash are identical\n','2018-11-15 07:31:46',NULL,53,3,NULL,NULL),(49,0,NULL,'correct: token and md5 hash are identical\n','2018-11-15 07:31:58',NULL,53,3,NULL,NULL),(50,1,NULL,'fault: token and md5 hash are not identical\n','2018-11-15 07:32:11',NULL,53,3,NULL,NULL),(51,0,NULL,'correct: token and md5 hash are identical\n','2018-11-19 15:44:57',NULL,53,3,NULL,NULL),(52,0,NULL,'correct: token and md5 hash are identical\n','2018-11-19 15:45:27',NULL,53,3,NULL,NULL),(53,NULL,NULL,NULL,'2018-11-28 12:25:47',NULL,54,3,NULL,NULL),(54,NULL,NULL,NULL,'2018-11-28 13:56:09',NULL,53,3,NULL,'7774ffd6f676ab7f4e17c0f38c7d5d8d'),(55,NULL,NULL,NULL,'2018-11-28 19:06:35',NULL,53,3,NULL,'7774ffd6f676ab7f4e17c0f38c7d5d8d'),(56,NULL,NULL,NULL,'2018-11-28 19:06:52',NULL,53,3,NULL,'7774ffd6f676ab7f4e17c0f38c7d5d8d'),(57,4,NULL,'rz38rz948r9489','2018-11-28 19:16:56',NULL,53,3,'check.png',NULL),(58,1,NULL,'rz38rz948r9489','2018-11-28 19:19:13',NULL,53,3,'check.png',NULL),(86,0,NULL,'correct: token and md5 hash are identical\n','2018-12-07 08:28:52',NULL,53,3,NULL,'7774ffd6f676ab7f4e17c0f38c7d5d8d'),(87,0,NULL,'correct: token and md5 hash are identical\n','2018-12-07 08:28:55',NULL,53,10,NULL,'7774ffd6f676ab7f4e17c0f38c7d5d8d'),(88,0,NULL,'correct: token and md5 hash are identical\n','2018-12-07 08:28:58',NULL,53,4,NULL,'7774ffd6f676ab7f4e17c0f38c7d5d8d'),(107,1,NULL,'fault: token and md5 hash are not identical\n','2018-12-07 15:58:24','2018-12-07 15:58:27',53,10,NULL,'2f2d45032dbe9c1b5e9cab6f6059df1d'),(108,1,NULL,'fault: token and md5 hash are not identical\n','2018-12-07 15:59:38','2018-12-07 15:59:39',53,10,NULL,'2f2d45032dbe9c1b5e9cab6f6059df1d'),(109,1,NULL,'fault: token and md5 hash are not identical\n','2018-12-07 16:00:07','2018-12-07 16:00:09',53,10,NULL,'2f2d45032dbe9c1b5e9cab6f6059df1d'),(110,1,NULL,'fault: token and md5 hash are not identical\n','2018-12-07 16:01:01','2018-12-07 16:01:03',53,10,NULL,'2f2d45032dbe9c1b5e9cab6f6059df1d'),(111,1,NULL,'fault: token and md5 hash are not identical\n','2018-12-07 16:02:58','2018-12-07 16:03:00',53,10,NULL,'2f2d45032dbe9c1b5e9cab6f6059df1d'),(112,1,NULL,'fault: token and md5 hash are not identical\n','2018-12-07 16:03:56','2018-12-07 16:03:58',53,10,NULL,'2f2d45032dbe9c1b5e9cab6f6059df1d'),(113,1,NULL,'fault: token and md5 hash are not identical\n','2018-12-07 17:06:00','2018-12-07 17:06:02',53,10,NULL,'2f2d45032dbe9c1b5e9cab6f6059df1d'),(114,1,NULL,'fault: token and md5 hash are not identical\n','2018-12-07 17:06:53','2018-12-07 17:06:54',53,10,NULL,'2f2d45032dbe9c1b5e9cab6f6059df1d'),(115,1,NULL,'fault: token and md5 hash are not identical\n','2018-12-07 17:07:26','2018-12-07 17:07:27',53,10,NULL,'2f2d45032dbe9c1b5e9cab6f6059df1d'),(116,1,NULL,'fault: token and md5 hash are not identical\n','2018-12-07 17:09:22','2018-12-07 17:09:24',53,10,NULL,'2f2d45032dbe9c1b5e9cab6f6059df1d'),(117,1,NULL,'fault: token and md5 hash are not identical\n','2018-12-07 17:10:21','2018-12-07 17:10:22',53,10,NULL,'2f2d45032dbe9c1b5e9cab6f6059df1d'),(118,1,NULL,'fault: token and md5 hash are not identical\n','2018-12-07 17:10:35','2018-12-07 17:10:37',53,10,NULL,'2f2d45032dbe9c1b5e9cab6f6059df1d'),(119,1,NULL,'fault: token and md5 hash are not identical\n','2018-12-07 17:10:54','2018-12-07 17:10:55',53,10,NULL,'2f2d45032dbe9c1b5e9cab6f6059df1d'),(120,1,NULL,'fault: token and md5 hash are not identical\n','2018-12-07 17:12:07','2018-12-07 17:12:09',53,10,NULL,'2f2d45032dbe9c1b5e9cab6f6059df1d'),(121,1,NULL,'fault: token and md5 hash are not identical\n','2018-12-07 17:12:19','2018-12-07 17:12:21',53,10,NULL,'2f2d45032dbe9c1b5e9cab6f6059df1d'),(122,1,NULL,'fault: token and md5 hash are not identical\n','2018-12-07 17:12:54','2018-12-07 17:12:55',53,10,NULL,'2f2d45032dbe9c1b5e9cab6f6059df1d'),(123,1,NULL,'fault: token and md5 hash are not identical\n','2018-12-07 17:15:48','2018-12-07 17:15:50',53,10,NULL,'2f2d45032dbe9c1b5e9cab6f6059df1d'),(124,1,NULL,'fault: token and md5 hash are not identical\n','2018-12-07 17:17:00','2018-12-07 17:17:01',53,10,NULL,'2f2d45032dbe9c1b5e9cab6f6059df1d'),(125,1,NULL,'fault: token and md5 hash are not identical\n','2018-12-07 17:17:17','2018-12-07 17:17:19',53,10,NULL,'2f2d45032dbe9c1b5e9cab6f6059df1d'),(126,1,NULL,'fault: token and md5 hash are not identical\n','2018-12-07 17:18:28','2018-12-07 17:18:29',53,10,NULL,'2f2d45032dbe9c1b5e9cab6f6059df1d'),(127,1,NULL,'fault: token and md5 hash are not identical\n','2018-12-07 17:21:25','2018-12-07 17:21:26',53,10,NULL,'2f2d45032dbe9c1b5e9cab6f6059df1d'),(128,1,NULL,'fault: token and md5 hash are not identical\n','2018-12-10 09:10:11','2018-12-10 13:37:38',53,10,NULL,'2f2d45032dbe9c1b5e9cab6f6059df1d'),(129,1,NULL,'fault: token and md5 hash are not identical\n','2018-12-10 09:10:38','2018-12-10 13:37:39',53,10,NULL,'2f2d45032dbe9c1b5e9cab6f6059df1d'),(138,1,NULL,'fault: token and md5 hash are not identical\n','2018-12-11 06:21:45','2018-12-13 13:56:16',53,10,NULL,'2f2d45032dbe9c1b5e9cab6f6059df1d'),(139,1,NULL,'fault: token and md5 hash are not identical\n','2018-12-11 06:22:43','2018-12-13 13:56:16',53,10,NULL,'2f2d45032dbe9c1b5e9cab6f6059df1d'),(140,NULL,NULL,NULL,'2018-12-11 06:22:43',NULL,53,12,NULL,NULL),(141,1,NULL,'fault: token and md5 hash are not identical\n','2018-12-11 06:25:34','2018-12-13 13:56:16',53,10,NULL,'2f2d45032dbe9c1b5e9cab6f6059df1d'),(142,NULL,NULL,NULL,'2018-12-11 06:25:34',NULL,53,12,'sample.sql',NULL),(143,1,NULL,'fault: token and md5 hash are not identical\n','2018-12-11 06:26:55','2018-12-13 13:56:18',53,10,NULL,'2f2d45032dbe9c1b5e9cab6f6059df1d'),(144,NULL,NULL,NULL,'2018-12-11 06:26:55',NULL,53,12,'sample.sql',NULL),(145,1,NULL,'fault: token and md5 hash are not identical\n','2018-12-11 06:27:22','2018-12-13 13:56:20',53,10,NULL,'2f2d45032dbe9c1b5e9cab6f6059df1d'),(146,NULL,NULL,NULL,'2018-12-11 06:27:22',NULL,53,12,'sample.sql',NULL),(147,1,NULL,'fault: token and md5 hash are not identical\n','2018-12-11 06:35:01','2018-12-13 13:56:22',53,10,NULL,'2f2d45032dbe9c1b5e9cab6f6059df1d'),(148,NULL,NULL,NULL,'2018-12-11 06:35:01',NULL,53,12,'sample.sql',NULL),(149,1,NULL,'fault: token and md5 hash are not identical\n','2018-12-11 06:41:32','2018-12-13 13:56:23',53,10,NULL,'2f2d45032dbe9c1b5e9cab6f6059df1d'),(150,NULL,NULL,NULL,'2018-12-11 06:41:32',NULL,53,12,'sample.sql',NULL),(151,1,NULL,'fault: token and md5 hash are not identical\n','2018-12-11 06:42:49','2018-12-13 13:56:25',53,10,NULL,'2f2d45032dbe9c1b5e9cab6f6059df1d'),(152,NULL,NULL,NULL,'2018-12-11 06:42:49',NULL,53,12,'sample.sql',NULL),(153,1,NULL,'fault: token and md5 hash are not identical\n','2018-12-11 06:44:28','2018-12-13 13:56:27',53,10,NULL,'2f2d45032dbe9c1b5e9cab6f6059df1d'),(154,NULL,NULL,NULL,'2018-12-11 06:44:29',NULL,53,12,'sample.sql',NULL),(155,1,NULL,'fault: token and md5 hash are not identical\n','2018-12-11 06:55:39','2018-12-13 13:56:29',53,10,NULL,'2f2d45032dbe9c1b5e9cab6f6059df1d'),(156,1,NULL,'fault: token and md5 hash are not identical\n','2018-12-11 07:11:59','2018-12-13 13:56:30',53,10,NULL,'2f2d45032dbe9c1b5e9cab6f6059df1d'),(157,1,NULL,'fault: token and md5 hash are not identical\n','2018-12-11 07:12:41','2018-12-13 13:56:32',53,10,NULL,'2f2d45032dbe9c1b5e9cab6f6059df1d'),(158,NULL,NULL,NULL,'2018-12-11 07:12:41',NULL,53,12,'sample.sql',NULL),(159,1,NULL,'fault: token and md5 hash are not identical\n','2018-12-11 07:12:48','2018-12-13 13:56:34',53,10,NULL,'2f2d45032dbe9c1b5e9cab6f6059df1d'),(160,NULL,NULL,NULL,'2018-12-11 07:12:48',NULL,53,12,'sample.sql',NULL),(161,1,NULL,'fault: token and md5 hash are not identical\n','2018-12-11 07:13:00','2018-12-13 13:56:35',53,10,NULL,'2f2d45032dbe9c1b5e9cab6f6059df1d'),(162,NULL,NULL,NULL,'2018-12-11 07:13:00',NULL,53,12,'sample.sql',NULL),(163,1,NULL,'fault: token and md5 hash are not identical\n','2018-12-11 07:13:06','2018-12-13 13:56:37',53,10,NULL,'2f2d45032dbe9c1b5e9cab6f6059df1d'),(164,NULL,NULL,NULL,'2018-12-11 07:13:06',NULL,53,12,'sample.sql',NULL),(165,1,NULL,'fault: token and md5 hash are not identical\n','2018-12-11 09:20:18','2018-12-13 13:56:39',53,10,NULL,'2f2d45032dbe9c1b5e9cab6f6059df1d'),(166,1,NULL,'fault: token and md5 hash are not identical\n','2018-12-11 09:20:59','2018-12-13 13:56:41',53,10,NULL,'2f2d45032dbe9c1b5e9cab6f6059df1d'),(167,NULL,NULL,NULL,'2018-12-11 09:20:59',NULL,53,12,'sample.sql',NULL),(168,NULL,NULL,NULL,'2018-12-13 10:47:54',NULL,53,10,NULL,NULL),(169,NULL,NULL,NULL,'2018-12-13 10:48:06',NULL,53,10,NULL,NULL),(170,1,NULL,'fault: token and md5 hash are not identical\n','2018-12-13 10:48:21','2018-12-13 13:56:42',53,10,NULL,'2f2d45032dbe9c1b5e9cab6f6059df1d'),(171,NULL,NULL,NULL,'2018-12-13 10:49:57',NULL,53,10,'drone:drone- Drone is a Continuous Delivery platform built on Docker, written in Go.webloc',NULL),(172,NULL,NULL,NULL,'2018-12-13 13:58:19',NULL,76,3,'drone:drone- Drone is a Continuous Delivery platform built on Docker, written in Go.webloc',NULL),(173,1,NULL,'fault: token and md5 hash are not identical\n','2018-12-13 14:02:42','2018-12-13 14:02:43',53,13,NULL,'2f2d45032dbe9c1b5e9cab6f6059df1d'),(174,1,NULL,'fault: token and md5 hash are not identical\n','2018-12-13 14:05:20','2018-12-13 14:05:23',53,13,NULL,'2f2d45032dbe9c1b5e9cab6f6059df1d'),(175,1,NULL,'fault: token and md5 hash are not identical\n','2018-12-13 14:06:01','2018-12-13 14:06:03',76,3,'CAT_Normalizing a Date String in the Scala Way. – Hussachai Puripunpinyo – Medium.webloc',NULL),(176,1,NULL,'fault: token and md5 hash are not identical\n','2018-12-13 14:25:48','2018-12-13 14:25:50',76,76,'CAT_Normalizing a Date String in the Scala Way. – Hussachai Puripunpinyo – Medium.webloc',NULL),(177,NULL,NULL,NULL,'2018-12-13 14:26:03',NULL,76,48,'CAT_Normalizing a Date String in the Scala Way. – Hussachai Puripunpinyo – Medium.webloc',NULL),(178,NULL,NULL,NULL,'2018-12-15 18:26:10',NULL,53,10,NULL,'2f2d45032dbe9c1b5e9cab6f6059df1d'),(179,NULL,NULL,NULL,'2018-12-15 18:26:10',NULL,53,12,'sample.sql',NULL),(180,NULL,NULL,NULL,'2018-12-15 18:26:39',NULL,53,10,NULL,'2f2d45032dbe9c1b5e9cab6f6059df1d'),(181,NULL,NULL,NULL,'2018-12-15 18:26:39',NULL,53,12,'sample.sql',NULL),(182,NULL,NULL,NULL,'2018-12-15 18:27:53',NULL,53,10,NULL,'2f2d45032dbe9c1b5e9cab6f6059df1d'),(183,NULL,NULL,NULL,'2018-12-15 18:27:53',NULL,53,12,'sample.sql',NULL),(184,NULL,NULL,NULL,'2018-12-15 18:28:47',NULL,53,10,NULL,'2f2d45032dbe9c1b5e9cab6f6059df1d'),(185,NULL,NULL,NULL,'2018-12-15 18:32:35',NULL,53,10,NULL,'2f2d45032dbe9c1b5e9cab6f6059df1d'),(186,NULL,NULL,NULL,'2018-12-15 18:32:35',NULL,53,12,'sample.sql',NULL),(187,NULL,NULL,NULL,'2018-12-15 20:19:45',NULL,76,4,'ToDo.todo',NULL),(188,NULL,NULL,NULL,'2018-12-15 20:22:20',NULL,76,3,'ToDo.todo',NULL),(189,NULL,NULL,NULL,'2018-12-15 20:26:34',NULL,76,3,'ToDo.todo',NULL),(190,NULL,NULL,NULL,'2018-12-15 20:28:41',NULL,76,3,'ToDo.todo',NULL),(191,NULL,NULL,NULL,'2018-12-15 20:29:28',NULL,76,3,'ToDo.todo',NULL),(192,1,NULL,'fault: token and md5 hash are not identical\n','2018-12-15 21:52:44','2018-12-17 12:55:02',53,10,NULL,'2f2d45032dbe9c1b5e9cab6f6059df1d'),(193,NULL,NULL,NULL,'2018-12-15 21:52:44',NULL,53,12,'sample.sql',NULL),(194,NULL,NULL,NULL,'2018-12-17 10:02:42',NULL,53,90,NULL,NULL),(195,NULL,NULL,NULL,'2018-12-17 10:05:16',NULL,53,90,NULL,NULL),(196,NULL,NULL,NULL,'2018-12-17 10:08:49',NULL,53,90,NULL,NULL),(197,NULL,NULL,NULL,'2018-12-17 10:10:03',NULL,53,90,NULL,NULL),(198,NULL,NULL,NULL,'2018-12-17 10:17:24',NULL,53,90,NULL,NULL),(199,NULL,NULL,NULL,'2018-12-17 10:17:50',NULL,53,90,NULL,NULL),(200,NULL,NULL,NULL,'2018-12-17 13:43:39',NULL,53,90,NULL,NULL),(201,NULL,NULL,NULL,'2018-12-17 13:43:52',NULL,53,90,'ToDo.todo',NULL);
/*!40000 ALTER TABLE `submission` ENABLE KEYS */;
UNLOCK TABLES;

--
-- Table structure for table `task`
--

DROP TABLE IF EXISTS `task`;
/*!40101 SET @saved_cs_client     = @@character_set_client */;
 SET character_set_client = utf8mb4 ;
CREATE TABLE `task` (
  `task_id` int(11) NOT NULL AUTO_INCREMENT,
  `task_name` varchar(200) DEFAULT NULL,
  `task_description` varchar(200) DEFAULT NULL,
  `course_id` int(11) DEFAULT NULL,
  `test_file_name` varchar(255) DEFAULT NULL,
  `test_type` enum('FILE','STRING') DEFAULT NULL,
  `testsystem_id` varchar(30) DEFAULT NULL,
  `deadline` datetime DEFAULT NULL,
  PRIMARY KEY (`task_id`),
  KEY `task_courses_courseid_fk` (`course_id`),
  KEY `task_testsystem_testsystem_id_fk` (`testsystem_id`),
  CONSTRAINT `task_course_course_id_fk` FOREIGN KEY (`course_id`) REFERENCES `course` (`course_id`) ON DELETE CASCADE ON UPDATE CASCADE,
  CONSTRAINT `task_testsystem_testsystem_id_fk` FOREIGN KEY (`testsystem_id`) REFERENCES `testsystem` (`testsystem_id`) ON DELETE CASCADE ON UPDATE CASCADE
) ENGINE=InnoDB AUTO_INCREMENT=98 DEFAULT CHARSET=utf8mb4 COLLATE=utf8mb4_0900_ai_ci;
/*!40101 SET character_set_client = @saved_cs_client */;

--
-- Dumping data for table `task`
--

LOCK TABLES `task` WRITE;
/*!40000 ALTER TABLE `task` DISABLE KEYS */;
INSERT INTO `task` VALUES (3,'NAME','Anotzher desc',2,'shell.sh','FILE','secrettokenchecker',NULL),(4,'Aufgbe4','USW',2,'bash.sh','FILE','secrettokenchecker',NULL),(7,'Aufgbe7','vfnd hfiods  blib bial üoj',2,'bash1.sh','FILE','secrettokenchecker',NULL),(8,'Aufgbe8','vfnd hfiods  blib bial üoj',2,'bash1.sh','FILE','secrettokenchecker',NULL),(9,'Aufgbe9','vfnd hfiods  blib bial üoj',2,'bash1.sh','FILE','secrettokenchecker',NULL),(10,'Aufgbe10','vfnd hfiods  blib bial üoj',6,'bash1.sh','STRING','secrettokenchecker',NULL),(12,'Aufgabe für Kurs 11 UNITTEST','Nur für UNITTEST',11,'bash2.sh','FILE','secrettokenchecker',NULL),(13,'Task No 20181207_160048_UNITTEST','Task by Python. Yay it works',11,'bash_20181207_160048_UNITTEST.docx','STRING','secrettokenchecker',NULL),(14,'Task No 20181207_160258_UNITTEST','Task by Python. Yay it works',11,'bash_20181207_160258_UNITTEST.docx','STRING','secrettokenchecker',NULL),(15,'Task No 20181207_160447_UNITTEST','Task by Python. Yay it works',11,'bash_20181207_160447_UNITTEST.docx','STRING','secrettokenchecker',NULL),(16,'Task No 20181207_160618_UNITTEST','Task by Python. Yay it works',11,'bash_20181207_160618_UNITTEST.docx','STRING','secrettokenchecker',NULL),(17,'Task No 20181207_160627_UNITTEST','Task by Python. Yay it works',11,'bash_20181207_160627_UNITTEST.docx','STRING','secrettokenchecker',NULL),(18,'Task No 20181207_160914_UNITTEST','Task by Python. Yay it works',11,'bash_20181207_160914_UNITTEST.docx','STRING','secrettokenchecker',NULL),(19,'Task No 20181207_160925_UNITTEST','Task by Python. Yay it works',11,'bash_20181207_160925_UNITTEST.docx','STRING','secrettokenchecker',NULL),(20,'Task No 20181207_161159_UNITTEST','Task by Python. Yay it works',11,'bash_20181207_161159_UNITTEST.docx','STRING','secrettokenchecker',NULL),(21,'Task No 20181207_161159_UNITTEST','Task by Python. Yay it works',11,'bash_20181207_161159_UNITTEST.docx','STRING','secrettokenchecker',NULL),(22,'Task No 20181207_161228_UNITTEST','Task by Python. Yay it works',11,'bash_20181207_161228_UNITTEST.docx','STRING','secrettokenchecker',NULL),(23,'Task No 20181207_161304_UNITTEST','Task by Python. Yay it works',11,'bash_20181207_161304_UNITTEST.docx','STRING','secrettokenchecker',NULL),(24,'Task No 20181207_161515_UNITTEST','Task by Python. Yay it works',11,'bash_20181207_161515_UNITTEST.docx','STRING','secrettokenchecker',NULL),(25,'Task No 20181207_161527_UNITTEST','Task by Python. Yay it works',11,'bash_20181207_161527_UNITTEST.docx','STRING','secrettokenchecker',NULL),(48,'Aufgbe11','Bitte legen Sie an und machen Sie so',2,'New Version Mac.txt','FILE','sqlchecker',NULL),(49,'Task No 20181210_210800_UNITTEST','Task by Python. Yay it works',11,'NO NAME PRODUCT','STRING','secrettokenchecker',NULL),(50,'Task No 20181210_211810_UNITTEST','Task by Python. Yay it works',11,'NO NAME PRODUCT','STRING','secrettokenchecker',NULL),(51,'Task No 20181210_212245_UNITTEST','Task by Python. Yay it works',11,'NO NAME PRODUCT','STRING','secrettokenchecker',NULL),(52,'Task No 20181210_222220_UNITTEST','Task by Python. Yay it works',11,'NO NAME PRODUCT','STRING','secrettokenchecker',NULL),(53,'Task No 20181210_222256_UNITTEST','Task by Python. Yay it works',11,'NO NAME PRODUCT','STRING','secrettokenchecker',NULL),(55,'Task No 20181211_072654_UNITTEST','Task by Python. Yay it works',11,'bla.png','FILE','secrettokenchecker',NULL),(56,'Task No 20181211_072721_UNITTEST','Task by Python. Yay it works',11,'bla.png','FILE','secrettokenchecker',NULL),(57,'Task No 20181211_073459_UNITTEST','Task by Python. Yay it works',11,'bla.png','FILE','secrettokenchecker',NULL),(58,'Task No 20181211_074131_UNITTEST','Task by Python. Yay it works',11,NULL,'STRING','secrettokenchecker',NULL),(59,'Task No 20181211_074248_UNITTEST','Task by Python. Yay it works',11,'bla.png','FILE','secrettokenchecker',NULL),(60,'Task No 20181211_074427_UNITTEST','Task by Python. Yay it works',11,'bla.png','FILE','secrettokenchecker',NULL),(61,'Task No 20181211_074738_UNITTEST','Task by Python. Yay it works',11,NULL,'FILE','secrettokenchecker',NULL),(62,'Task No 20181211_074751_UNITTEST','Task by Python. Yay it works',11,NULL,'FILE','secrettokenchecker',NULL),(63,'Task No 20181211_074757_UNITTEST','Task by Python. Yay it works',11,NULL,'FILE','secrettokenchecker',NULL),(64,'Task No 20181211_074849_UNITTEST','Task by Python. Yay it works',11,'bla.png','FILE','secrettokenchecker',NULL),(65,'Task No 20181211_074932_UNITTEST','Task by Python. Yay it works',11,'bla.png','FILE','secrettokenchecker',NULL),(66,'Task No 20181211_075038_UNITTEST','Task by Python. Yay it works',11,'bla.png','FILE','secrettokenchecker',NULL),(67,'Task No 20181211_075253_UNITTEST','Task by Python. Yay it works',11,'bla.png','FILE','secrettokenchecker',NULL),(76,'Task No 20181211_102017_UNITTEST','Task by Python. Yay it works',11,'sample.sql','FILE','secrettokenchecker',NULL),(81,'Task No 20181215_192846_UNITTEST','Task by Python. Yay it works',11,NULL,'FILE','secrettokenchecker',NULL),(84,'Aufgbe11','Bitte legen Sie an und machen Sie so',2,NULL,'FILE','sqlchecker','1976-06-08 00:00:00'),(85,'Aufgbe11','Bitte legen Sie an und machen Sie so',2,NULL,'FILE','sqlchecker','1976-06-08 00:00:00'),(86,'Aufgbe11','Bitte legen Sie an und machen Sie so',2,NULL,'FILE','sqlchecker','1976-06-08 00:00:00'),(87,'Aufgbe11','Bitte legen Sie an und machen Sie so',2,NULL,'FILE','sqlchecker','2018-12-23 00:00:00'),(88,'Aufgbe11','Bitte legen Sie an und machen Sie so',2,NULL,'FILE','sqlchecker','2018-12-24 00:00:00'),(89,'Aufgbe11','Bitte legen Sie an und machen Sie so',2,NULL,'FILE','sqlchecker','2018-12-24 00:00:00'),(90,'NAME','Anotzher desc',2,NULL,'FILE','secrettokenchecker','2018-12-30 10:00:15'),(91,'Aufgbe11','Bitte legen Sie an und machen Sie so',2,NULL,'FILE','sqlchecker','2018-12-23 23:00:00'),(92,'Aufgbe11','Bitte legen Sie an und machen Sie so',2,NULL,'FILE','sqlchecker','2018-12-24 22:59:59'),(93,'Aufgbe11','Bitte legen Sie an und machen Sie so',2,NULL,'FILE','sqlchecker','2018-12-24 22:59:59'),(94,'Aufgbe11','Bitte legen Sie an und machen Sie so',2,NULL,'FILE','sqlchecker','2018-12-24 22:59:59'),(95,'Aufgbe11','Bitte legen Sie an und machen Sie so',2,NULL,'FILE','sqlchecker','2018-12-24 22:59:59'),(96,'Aufgbe11','Bitte legen Sie an und machen Sie so',2,NULL,'FILE','sqlchecker','2018-12-24 22:59:59'),(97,'Aufgbe11','Bitte legen Sie an und machen Sie so',2,NULL,'FILE','sqlchecker','2018-12-24 22:59:59');
/*!40000 ALTER TABLE `task` ENABLE KEYS */;
UNLOCK TABLES;

--
-- Table structure for table `testsystem`
--

DROP TABLE IF EXISTS `testsystem`;
/*!40101 SET @saved_cs_client     = @@character_set_client */;
 SET character_set_client = utf8mb4 ;
CREATE TABLE `testsystem` (
  `testsystem_id` varchar(30) NOT NULL,
  `name` varchar(255) NOT NULL,
  `description` text,
  `supported_formats` varchar(255) DEFAULT NULL COMMENT 'has to be a comma seperated list of values, like: sql, java, php, bash',
  `machine_port` int(11) DEFAULT NULL,
  `machine_ip` varchar(255) DEFAULT NULL,
  PRIMARY KEY (`testsystem_id`),
  UNIQUE KEY `testsystem_testsystem_id_uindex` (`testsystem_id`)
) ENGINE=InnoDB DEFAULT CHARSET=utf8mb4 COLLATE=utf8mb4_0900_ai_ci;
/*!40101 SET character_set_client = @saved_cs_client */;

--
-- Dumping data for table `testsystem`
--

LOCK TABLES `testsystem` WRITE;
/*!40000 ALTER TABLE `testsystem` DISABLE KEYS */;
INSERT INTO `testsystem` VALUES ('java1','Secretoken Checker','Sectretoken','BASH',8000,'000.000.000.000'),('secrettokenchecker','Secretoken Checker','Sectretoken','BASH',8000,'000.000.000.000'),('sqlchecker','a new very checker','XXXXX','.sql, ',1234,'000.000.000.000');
/*!40000 ALTER TABLE `testsystem` ENABLE KEYS */;
UNLOCK TABLES;

--
-- Table structure for table `token`
--

DROP TABLE IF EXISTS `token`;
/*!40101 SET @saved_cs_client     = @@character_set_client */;
 SET character_set_client = utf8mb4 ;
CREATE TABLE `token` (
  `token_hash` varchar(255) NOT NULL,
  `valid_for_id` int(11) NOT NULL,
  `token_type` enum('SUBMISSION_TEST_FILE','TASK_TEST_FILE') DEFAULT NULL COMMENT 'Enum may be extended in future',
  `valid_until` datetime NOT NULL,
  `token_created_stamp` timestamp NULL DEFAULT CURRENT_TIMESTAMP,
  `used` tinyint(1) NOT NULL DEFAULT '0',
  PRIMARY KEY (`token_hash`)
) ENGINE=InnoDB DEFAULT CHARSET=utf8mb4 COLLATE=utf8mb4_0900_ai_ci;
/*!40101 SET character_set_client = @saved_cs_client */;

--
-- Dumping data for table `token`
--

LOCK TABLES `token` WRITE;
/*!40000 ALTER TABLE `token` DISABLE KEYS */;
INSERT INTO `token` VALUES ('014f495acd4e81b709683861e162a2db496cd76b',142,'SUBMISSION_TEST_FILE','2018-12-11 06:30:34','2018-12-11 06:25:34',0),('06577cef4ecd3a81e6d3681a6fb3add5da8969d7',65,'SUBMISSION_TEST_FILE','2018-11-29 12:38:36','2018-11-29 12:33:36',0),('06e1024140b27a258bb352cbf2966ce7df9c788e',28,'TASK_TEST_FILE','2018-12-07 15:22:49','2018-12-07 15:17:49',0),('0cc783d66639058d86323a3925f8432b5c08304f',132,'SUBMISSION_TEST_FILE','2018-12-10 17:58:50','2018-12-10 17:53:50',0),('0e09dbc7a32e40645ac01a72b462d78f11aa4195',79,'TASK_TEST_FILE','2018-12-15 18:31:38','2018-12-15 18:26:38',0),('128a279afcd04de72ec5c2a80b58bda4cce08d9b',4,'TASK_TEST_FILE','2018-11-29 16:26:42','2018-11-29 16:21:42',1),('16055c6b669c3c7b0ea4b27f1479444c05089b79',46,'TASK_TEST_FILE','2018-12-10 09:15:08','2018-12-10 09:10:08',0),('1701ddd5d2914fdee3641a3c8fd90a13091886e9',103,'SUBMISSION_TEST_FILE','2018-12-07 08:37:36','2018-12-07 08:32:36',0),('1873fc40ca2a2723da15c5da3dbd8754df303f8d',54,'TASK_TEST_FILE','2018-12-10 21:28:23','2018-12-10 21:23:23',0),('18cd8572fa90b7dc093f5f93c008cdd5a56ea49d',24,'TASK_TEST_FILE','2018-12-07 15:20:15','2018-12-07 15:15:15',0),('1a6ace3e65249ab53ee28ef39de019f992b797a5',56,'TASK_TEST_FILE','2018-12-11 06:32:21','2018-12-11 06:27:21',0),('1a9938b3e53a764c1ad98b6d1d479b2edc74f5ec',6,'TASK_TEST_FILE','2018-11-29 13:07:28','2018-11-29 13:02:28',1),('1b44e1aacb77d655a7607205e0fe285f8a897a6e',48,'TASK_TEST_FILE','2018-12-10 17:22:19','2018-12-10 17:17:19',0),('1c98cb97c80f2f08a26f4105cd03dfdd5d859f04',67,'SUBMISSION_TEST_FILE','2018-12-03 22:15:02','2018-12-03 22:10:02',0),('1f6367c062f0d8338b733908426993b8db97769c',189,'SUBMISSION_TEST_FILE','2018-12-15 20:31:34','2018-12-15 20:26:34',0),('204a560bc08d1d4261f5773fd8a2e2340e257e32',11,'TASK_TEST_FILE','2018-11-29 16:34:02','2018-11-29 16:29:02',0),('20f3dc6691984408c9ac598c237641a266503b05',26,'TASK_TEST_FILE','2018-12-07 15:21:31','2018-12-07 15:16:31',0),('23c822de789bfb6cd0bfafbbc70068bf20716ebf',38,'TASK_TEST_FILE','2018-12-07 17:17:06','2018-12-07 17:12:06',0),('24957c6bd2e80d9fe84a3ed8fa229a0ab65a51de',4,'TASK_TEST_FILE','2018-11-29 16:26:24','2018-11-29 16:21:24',0),('2595a9b6b5a9c7d342be46f0590b022fca01046b',172,'SUBMISSION_TEST_FILE','2018-12-13 14:03:19','2018-12-13 13:58:19',0),('27a98226c1b689e59c81068142108c25979f7f15',48,'TASK_TEST_FILE','2018-12-10 17:22:02','2018-12-10 17:17:02',0),('280ec915f4f6429d6ed6878b299c088da23ebcbb',68,'SUBMISSION_TEST_FILE','2018-12-03 22:23:30','2018-12-03 22:18:30',0),('290daf70beebb1a79a55cb884c33d9fa64631148',43,'TASK_TEST_FILE','2018-12-07 17:22:15','2018-12-07 17:17:15',0),('2ee9b9702cccf1eeda6bb0324a79a746972e7eaa',59,'TASK_TEST_FILE','2018-12-11 06:47:48','2018-12-11 06:42:48',0),('30ef20b413a5aa49933b5a2d970fa5a76dbd3b84',45,'TASK_TEST_FILE','2018-12-07 17:26:24','2018-12-07 17:21:24',0),('31431afd466637996e37b9bd05c87cb3426cd68c',30,'TASK_TEST_FILE','2018-12-07 15:25:23','2018-12-07 15:20:23',0),('34e4c961bb8b5bdcbe3a067fd553c8eca551043c',37,'TASK_TEST_FILE','2018-12-07 17:15:53','2018-12-07 17:10:53',0),('355bb4b6712d900939e783855661a9a679254de9',35,'TASK_TEST_FILE','2018-12-07 17:15:20','2018-12-07 17:10:20',0),('36c02b42afbc8899837e9c446e2d43198adecefa',30,'TASK_TEST_FILE','2018-12-07 15:25:23','2018-12-07 15:20:23',0),('373561d2353ce6be0afdeadfe0e15a9b47d6d27c',201,'SUBMISSION_TEST_FILE','2018-12-17 13:49:25','2018-12-17 13:44:25',0),('37accf43c103abb18ba653b1652cd01a540652c5',48,'TASK_TEST_FILE','2018-12-10 20:31:31','2018-12-10 20:26:31',0),('3941877a814bcd407e90c7f5b27460cbb3e92850',40,'TASK_TEST_FILE','2018-12-07 17:17:53','2018-12-07 17:12:53',0),('39e346e0248b149b112e50a660f9eed018067530',167,'SUBMISSION_TEST_FILE','2018-12-11 09:25:59','2018-12-11 09:20:59',0),('3aea931232b4c592bf4f584db51404e7ae3df98e',16,'TASK_TEST_FILE','2018-12-07 15:11:18','2018-12-07 15:06:18',1),('3cd731bf02308782cc626bf91eeb1e22b2d6db7b',48,'TASK_TEST_FILE','2018-12-10 21:27:21','2018-12-10 21:22:21',0),('3e36bd572f24581e738a19525ca0b9957ff5c2ad',74,'TASK_TEST_FILE','2018-12-11 07:17:59','2018-12-11 07:12:59',0),('3e62b851c1bf7b39f9eb01a36bc32334533161d2',57,'TASK_TEST_FILE','2018-12-11 06:39:59','2018-12-11 06:34:59',0),('3fae976c877097920d6d78863f7b721c3cc2e0cf',4,'TASK_TEST_FILE','2018-11-29 12:51:51','2018-11-29 12:46:51',1),('3fdc8249a43649dcc0d3ae9ef6d387fbd10fac3b',132,'SUBMISSION_TEST_FILE','2018-12-10 19:34:23','2018-12-10 19:29:23',0),('413d869e6570f9488b8eac15ac46dbe6a53cc904',44,'TASK_TEST_FILE','2018-12-07 17:23:25','2018-12-07 17:18:25',0),('44681858c4d6cff2ee0ed34e4562ff4a133bd8d4',4,'TASK_TEST_FILE','2018-11-29 16:20:57','2018-11-29 16:15:57',0),('44e0827c862ca365f244324d2f104821cc024f1e',35,'TASK_TEST_FILE','2018-12-07 17:15:20','2018-12-07 17:10:20',0),('45bd8f1a55fb9dabea72638574bad32cb770ff85',47,'TASK_TEST_FILE','2018-12-10 09:15:37','2018-12-10 09:10:37',0),('46b873bc2376ed929f912f3426b7e9ade3dc4992',162,'SUBMISSION_TEST_FILE','2018-12-11 07:18:00','2018-12-11 07:13:00',0),('48c686fe96c632c41155e9c6f217dd2601e03638',45,'TASK_TEST_FILE','2018-12-07 17:26:24','2018-12-07 17:21:24',0),('49577aa2f78e5ea3b4c9574954901eb5fc23bb5b',23,'TASK_TEST_FILE','2018-12-07 15:18:04','2018-12-07 15:13:04',0),('4b9235feb8e437e843212309ebaa1f58f8ea1b9d',36,'TASK_TEST_FILE','2018-12-07 17:15:35','2018-12-07 17:10:35',0),('4c9aaaa1e25b92d459c435117dd0388bec39708a',70,'TASK_TEST_FILE','2018-12-11 07:00:38','2018-12-11 06:55:38',0),('4e3ba274f8f08e642abc3ee90a9728cf52536e19',44,'TASK_TEST_FILE','2018-12-07 17:23:25','2018-12-07 17:18:25',0),('503d3b73b414407588d35ba6b862c0b285b8e116',144,'SUBMISSION_TEST_FILE','2018-12-11 06:31:55','2018-12-11 06:26:55',0),('54507b968d2d85d929121f10d1c418d88298018b',150,'SUBMISSION_TEST_FILE','2018-12-11 06:46:32','2018-12-11 06:41:32',0),('546467653e68341823967a1c28f4693274e105ff',3,'TASK_TEST_FILE','2018-12-04 12:46:57','2018-12-04 12:41:57',0),('55df9949681b3c218d46dc7bc73ab266666661ed',71,'TASK_TEST_FILE','2018-12-11 07:17:00','2018-12-11 07:12:00',0),('56f850cf19b46d8eeffc0d280910f2f091ae2089',68,'TASK_TEST_FILE','2018-12-11 06:59:33','2018-12-11 06:54:33',0),('58c3cc943665e18bb4a276cecf6fc9bf080825b4',29,'TASK_TEST_FILE','2018-12-07 15:23:17','2018-12-07 15:18:17',0),('599a3e9ce9cc2e6aff5379c9317a91738126142d',37,'TASK_TEST_FILE','2018-12-07 17:15:53','2018-12-07 17:10:53',0),('5aaa955cbc13608cc3224b6b9f221bb28dde1516',10,'TASK_TEST_FILE','2018-11-29 16:33:49','2018-11-29 16:28:49',0),('5d3dbae8a4bd4e8fa66197e6e67312b95f2f0e0e',187,'SUBMISSION_TEST_FILE','2018-12-15 20:24:45','2018-12-15 20:19:45',0),('61617587501d3dd325e8303e8db89269dc8184ef',33,'TASK_TEST_FILE','2018-12-07 17:12:25','2018-12-07 17:07:25',0),('6181ba2f7cc3caf1d36d1c58c00bdf2cea43b5c1',48,'TASK_TEST_FILE','2018-12-10 22:23:05','2018-12-10 22:18:05',0),('6325796856d5268d2d164ca6e0b9275ff8337264',41,'TASK_TEST_FILE','2018-12-07 17:20:47','2018-12-07 17:15:47',0),('6394cfd79d3f1a30087743f20daf28e23bf0710f',48,'TASK_TEST_FILE','2018-12-10 21:27:57','2018-12-10 21:22:57',0),('64c4313bcd5cc0a38349571ee365ec807dc082ef',148,'SUBMISSION_TEST_FILE','2018-12-11 06:40:01','2018-12-11 06:35:01',0),('66bb26e66bdace5a4c94c8baa3d602fcfd360525',160,'SUBMISSION_TEST_FILE','2018-12-11 07:17:48','2018-12-11 07:12:48',0),('6b82faa0a2518bc719f65f82c59a821b8ae0d717',171,'SUBMISSION_TEST_FILE','2018-12-13 10:55:46','2018-12-13 10:50:46',0),('6f28cc7ab6c7ab46e66c9cb525dda48016f02606',34,'TASK_TEST_FILE','2018-12-07 17:14:21','2018-12-07 17:09:21',0),('7014124c41144fa4c89359e303479ba661f82af7',164,'SUBMISSION_TEST_FILE','2018-12-11 07:18:06','2018-12-11 07:13:06',0),('704343372348885bea11ab210cef48ef2aee40f8',48,'TASK_TEST_FILE','2018-12-10 20:32:41','2018-12-10 20:27:41',0),('7046de5ff59ed18abb91974f312057bd90405499',46,'TASK_TEST_FILE','2018-12-10 09:15:09','2018-12-10 09:10:09',0),('70696f36bde5957f5b2f174152fe2573f979c9cf',132,'SUBMISSION_TEST_FILE','2018-12-10 19:33:51','2018-12-10 19:28:51',0),('70910d77fde435cb920aea2f7d388c4b3a45714e',47,'TASK_TEST_FILE','2018-12-10 09:15:37','2018-12-10 09:10:37',0),('70c24af27a4cc08674bece9f7f566e0dbdddd036',22,'TASK_TEST_FILE','2018-12-07 15:17:28','2018-12-07 15:12:28',0),('71bc12829451ee5c36b3941946df10509e15ac56',73,'TASK_TEST_FILE','2018-12-11 07:17:47','2018-12-11 07:12:47',0),('72b4e429839e51438cf4ece7db3e308e3a9cfa40',41,'TASK_TEST_FILE','2018-12-07 17:20:47','2018-12-07 17:15:47',0),('73b53749f4b28e8b2a5b1d4b86300d5e90f7641a',78,'TASK_TEST_FILE','2018-12-15 18:31:09','2018-12-15 18:26:09',0),('76ad86d16fb60512f30c793f07fe8a1955483542',77,'TASK_TEST_FILE','2018-12-11 09:25:58','2018-12-11 09:20:58',0),('775643c1e796e5b908c7a0d146264baa9fece9a2',25,'TASK_TEST_FILE','2018-12-07 15:20:27','2018-12-07 15:15:27',0),('77b209fd0358a54ea6619411a95ee7cbe3232b55',181,'SUBMISSION_TEST_FILE','2018-12-15 18:31:39','2018-12-15 18:26:39',0),('7dcaddb76ac4771b2ab145a2f1dfc3769c3bc50a',42,'TASK_TEST_FILE','2018-12-07 17:21:57','2018-12-07 17:16:57',0),('7f2537c787bc489eeed259bf37729aa616ee8cb3',132,'SUBMISSION_TEST_FILE','2018-12-10 19:29:52','2018-12-10 19:24:52',0),('7f3de627ed0b2bfec1c18ef934aa4b002f05dc91',19,'TASK_TEST_FILE','2018-12-07 15:14:26','2018-12-07 15:09:26',0),('8468c0067060594c8bbdcd8b630d3380845d5930',31,'TASK_TEST_FILE','2018-12-07 17:10:59','2018-12-07 17:05:59',0),('85e51eb40e2bf76d192d0fc4d4f69445214241f7',188,'SUBMISSION_TEST_FILE','2018-12-15 20:27:20','2018-12-15 20:22:20',0),('8740b2a34fb18ca42cd6c9cd4aa60e609f617858',43,'TASK_TEST_FILE','2018-12-07 17:22:15','2018-12-07 17:17:15',0),('8a616023206bd2c21a4385570b33aaeb8ec0a481',132,'SUBMISSION_TEST_FILE','2018-12-10 19:29:53','2018-12-10 19:24:53',0),('8a8f207b10e0bd748b78c8a4675f35af01946493',34,'TASK_TEST_FILE','2018-12-07 17:14:21','2018-12-07 17:09:21',0),('8ad1c3c7750906a4004852a065fe6b1d1ea90397',4,'TASK_TEST_FILE','2018-11-29 16:26:14','2018-11-29 16:21:14',0),('8adca8da12a8a17800d1971088557937d8f3989a',13,'TASK_TEST_FILE','2018-12-07 15:05:48','2018-12-07 15:00:48',0),('8c3cd7800c4c68af606a923f0388be22e3c8fe4a',191,'SUBMISSION_TEST_FILE','2018-12-15 20:34:28','2018-12-15 20:29:28',0),('8e8cef03814bfdff491f9d4d496d13ded767e75f',48,'TASK_TEST_FILE','2018-12-10 21:28:22','2018-12-10 21:23:22',0),('8f208e3a175516d712d0befd12a2de8244b72c2a',15,'TASK_TEST_FILE','2018-12-07 15:09:47','2018-12-07 15:04:47',0),('8f6f316bedaf8b1391414cad199c95ec4056d872',21,'TASK_TEST_FILE','2018-12-07 15:17:00','2018-12-07 15:12:00',0),('8f7e77b51c001c0521aa53f8ae6a252b9d78a55e',20,'TASK_TEST_FILE','2018-12-07 15:17:00','2018-12-07 15:12:00',0),('9617c7a9f2ad333a30f07f787d5cff0a12064c72',38,'TASK_TEST_FILE','2018-12-07 17:17:06','2018-12-07 17:12:06',0),('980d4c6da070d8cf7931780842a8ec2caa3ed265',17,'TASK_TEST_FILE','2018-12-07 15:11:27','2018-12-07 15:06:27',0),('98802346dac106a4b8e4e30350f82fe84b58e7c5',146,'SUBMISSION_TEST_FILE','2018-12-11 06:32:22','2018-12-11 06:27:22',0),('9dbdac72c2085e3d2c4f2a12bca0c505d0277a62',8,'TASK_TEST_FILE','2018-11-29 16:33:48','2018-11-29 16:28:48',0),('9e109b1668183a5cdebd5b44c7c6834d82ef646d',32,'TASK_TEST_FILE','2018-12-07 17:11:52','2018-12-07 17:06:52',0),('9e3ae6366fff78350af248cc839f8765599e046f',39,'TASK_TEST_FILE','2018-12-07 17:17:19','2018-12-07 17:12:19',0),('9fe8842c8bf842423e3e5e3758624ddb971492f8',67,'TASK_TEST_FILE','2018-12-11 06:57:53','2018-12-11 06:52:53',0),('a1815a561cb5a7c3b4630a467d6b9fa25af0ddda',40,'TASK_TEST_FILE','2018-12-07 17:17:53','2018-12-07 17:12:53',0),('a1f8d14bd644e16e39be744008b5d769123bbf8d',33,'TASK_TEST_FILE','2018-12-07 17:12:25','2018-12-07 17:07:25',0),('a285013811466b54f4368369bc414c6e2547f2e7',176,'SUBMISSION_TEST_FILE','2018-12-13 14:30:48','2018-12-13 14:25:48',0),('a528faff460ca37540bf57d6a85f0601ff63de60',193,'SUBMISSION_TEST_FILE','2018-12-15 21:57:45','2018-12-15 21:52:45',0),('a6dfcc727edca510a281e156f399681ddd1c880f',3,'TASK_TEST_FILE','2018-12-04 12:48:33','2018-12-04 12:43:33',1),('a7b01c9f3debcf5f63e74af60a1300a41156cd13',60,'TASK_TEST_FILE','2018-12-11 06:49:28','2018-12-11 06:44:28',0),('ab5052fce6d6db5fe135e09b6ada0316d8740b7d',177,'SUBMISSION_TEST_FILE','2018-12-13 14:31:03','2018-12-13 14:26:03',0),('ac14b95acc219df9e2a4de265738b490b15de9e6',25,'TASK_TEST_FILE','2018-12-07 15:20:27','2018-12-07 15:15:27',0),('ac92f826045d1ad41592bb704c8ccbaf437bdad8',132,'SUBMISSION_TEST_FILE','2018-12-10 18:02:03','2018-12-10 17:57:03',0),('ae47f72c0aedb4851932cc79a1381ed0d10abe54',132,'SUBMISSION_TEST_FILE','2018-12-10 18:02:31','2018-12-10 17:57:31',0),('aea507658661e106493734ff8e5d29b0047d594d',4,'TASK_TEST_FILE','2018-11-29 16:21:11','2018-11-29 16:16:11',0),('aed06bc5906654b75826471ba6e5317f55da64c4',5,'TASK_TEST_FILE','2018-11-29 12:53:38','2018-11-29 12:48:38',1),('b1be1c7e67b0a09dd874581a6788076c28279d27',36,'TASK_TEST_FILE','2018-12-07 17:15:34','2018-12-07 17:10:34',0),('b3e2751a453e72f9c66acc31049675cf0c6627b4',29,'TASK_TEST_FILE','2018-12-07 15:23:17','2018-12-07 15:18:17',0),('b5735e8fba018c7afb6a986658b6a34fef87bc22',83,'TASK_TEST_FILE','2018-12-15 21:57:43','2018-12-15 21:52:43',0),('b58191eb41cbf65f285cfded21073f8427ed45f7',152,'SUBMISSION_TEST_FILE','2018-12-11 06:47:49','2018-12-11 06:42:49',0),('b6eb7d21d745fb008cd2c2eb24e58042d37aee11',3,'TASK_TEST_FILE','2018-12-04 12:43:51','2018-12-04 12:38:51',0),('b939073762ffe1f51c7fa534a84d4f2701aae710',32,'TASK_TEST_FILE','2018-12-07 17:11:52','2018-12-07 17:06:52',0),('b9886ef4c534c6e2f4c8e8823f90b947208407c8',132,'SUBMISSION_TEST_FILE','2018-12-10 19:34:06','2018-12-10 19:29:06',0),('b9a7824a55a78a2860a96391f33f195d4aa8fd73',69,'TASK_TEST_FILE','2018-12-11 07:00:22','2018-12-11 06:55:22',0),('bab6383462367fb66d1c80ca54dbfe66b9d6d6bf',4,'TASK_TEST_FILE','2018-11-29 16:19:44','2018-11-29 16:14:44',0),('bad5445572725c64cb8d28eaf4e9e831a0b6eed9',183,'SUBMISSION_TEST_FILE','2018-12-15 18:32:53','2018-12-15 18:27:53',0),('be126d2dd66702bf4225df2d38d9574197423592',27,'TASK_TEST_FILE','2018-12-07 15:21:39','2018-12-07 15:16:39',0),('bfa121fe100d8a21b921e2553b26c8945c0e07d3',4,'TASK_TEST_FILE','2018-11-29 16:19:26','2018-11-29 16:14:26',0),('c006920a32903ba7bd4655c9475478acb4cf02aa',42,'TASK_TEST_FILE','2018-12-07 17:21:57','2018-12-07 17:16:57',0),('c3702de268d6d6c5edf61da9a5e2a11f3aff4e5e',4,'TASK_TEST_FILE','2018-11-29 16:21:05','2018-11-29 16:16:05',0),('c3aac8feea7b5f0733b9ea8eaec43cf5305ccbff',186,'SUBMISSION_TEST_FILE','2018-12-15 18:37:35','2018-12-15 18:32:35',0),('c6a0c9fbb621af0188c379a9bf022d319a8c60bf',132,'SUBMISSION_TEST_FILE','2018-12-10 18:04:14','2018-12-10 17:59:14',0),('cbc67fba83ded6fb4b4c2ba6b32ddab5541137a9',23,'TASK_TEST_FILE','2018-12-07 15:18:04','2018-12-07 15:13:04',0),('ce2d4c4073e65f467fa339d7dedb9ad797c9a1a2',179,'SUBMISSION_TEST_FILE','2018-12-15 18:31:10','2018-12-15 18:26:10',0),('cebf7e8009ccbbc63088db7b089b7cf436414078',76,'TASK_TEST_FILE','2018-12-11 09:25:17','2018-12-11 09:20:17',0),('cef8762b66312fcd29f6eb7ab5d0b202a3b152e7',39,'TASK_TEST_FILE','2018-12-07 17:17:19','2018-12-07 17:12:19',0),('d0c139208c661c0e08afb565deff64b31cadf02e',64,'TASK_TEST_FILE','2018-12-11 06:53:49','2018-12-11 06:48:49',0),('d1f80ebe7368441ea54ceb02b52db6c90c103510',154,'SUBMISSION_TEST_FILE','2018-12-11 06:49:29','2018-12-11 06:44:29',0),('d4386b3d355fc14cc4df706509c28a02db974d8f',28,'TASK_TEST_FILE','2018-12-07 15:22:49','2018-12-07 15:17:49',0),('d5721f876e2ac84d72eaf5f10ab683092baf8c3d',31,'TASK_TEST_FILE','2018-12-07 17:10:59','2018-12-07 17:05:59',0),('d93f3a0f0fa1cac7fab9deed311412bfc056e4c4',64,'SUBMISSION_TEST_FILE','2018-11-29 11:25:22','2018-11-29 11:20:22',1),('d9be5fd7bb857d4b078496dd978bcf66e9d87aad',-1,'SUBMISSION_TEST_FILE','2018-11-29 11:24:07','2018-11-29 11:19:07',1),('da22824bef5d6084d8b5e44c652d389d6a955c08',175,'SUBMISSION_TEST_FILE','2018-12-13 14:11:01','2018-12-13 14:06:01',0),('ddc39a3889f7c3b1f95fbbeacc0cfd76c5f153a6',4,'TASK_TEST_FILE','2018-11-29 16:21:52','2018-11-29 16:16:52',0),('df83db3d89fb8d6789999b579eac568cb5dd79f5',158,'SUBMISSION_TEST_FILE','2018-12-11 07:17:41','2018-12-11 07:12:41',0),('e030970ae40725884edbe265577b99dfcc64370d',72,'TASK_TEST_FILE','2018-12-11 07:17:40','2018-12-11 07:12:40',0),('e265b6b08373bed760e7cef68e479985be882b25',66,'SUBMISSION_TEST_FILE','2018-11-29 14:19:31','2018-11-29 14:14:31',0),('e34d9943e40033514cf901940795e01119270212',48,'TASK_TEST_FILE','2018-12-10 17:07:26','2018-12-10 17:02:26',1),('e51cef439449a8ce1e068ba39df196ae2ee62527',14,'TASK_TEST_FILE','2018-12-07 15:07:58','2018-12-07 15:02:58',0),('e5324393e53a69901179ccbc3b9a9a97d4a92525',3,'TASK_TEST_FILE','2018-12-04 12:42:33','2018-12-04 12:37:33',0),('e53d8e8b5d5c59b62b35f50763351f45d7bb0508',75,'TASK_TEST_FILE','2018-12-11 07:18:05','2018-12-11 07:13:05',0),('e5e7529815a16d8f4a4619bd3fe9ab2c58395fec',190,'SUBMISSION_TEST_FILE','2018-12-15 20:33:41','2018-12-15 20:28:41',0),('e7dc493be07030daeda04c8439fb7046ed30685a',9,'TASK_TEST_FILE','2018-11-29 16:33:48','2018-11-29 16:28:48',0),('e926c13465688d65cdcc77501f2023215a449374',55,'TASK_TEST_FILE','2018-12-11 06:31:54','2018-12-11 06:26:54',0),('e9aa9306c9e1984e748b5c04fea2876e8ffeb5a7',18,'TASK_TEST_FILE','2018-12-07 15:14:14','2018-12-07 15:09:14',0),('eb2c23841a28965b412b90ee93180b204eafb8df',27,'TASK_TEST_FILE','2018-12-07 15:21:39','2018-12-07 15:16:39',0),('f2681aa3b3081a61fb8439f4d3092910460bf7ca',80,'TASK_TEST_FILE','2018-12-15 18:32:52','2018-12-15 18:27:52',0),('f38de1dd17f4c1a2cc59b547dda8577189e9f54a',4,'TASK_TEST_FILE','2018-11-29 16:26:21','2018-11-29 16:21:21',0),('f40170ac73a6a5c4c8f8ac28c5f3c07ef4088e67',65,'TASK_TEST_FILE','2018-12-11 06:54:33','2018-12-11 06:49:33',0),('f4118667f2451fce847cba5aa050ce3a50bf2847',26,'TASK_TEST_FILE','2018-12-07 15:21:31','2018-12-07 15:16:31',0),('f7ffdf27161c7cc78744577ba3b517ed30cb2876',66,'TASK_TEST_FILE','2018-12-11 06:55:39','2018-12-11 06:50:39',0),('f8a9bbbb1c6b008e9fb1ae3f073e0c96f41f9d8c',82,'TASK_TEST_FILE','2018-12-15 18:37:34','2018-12-15 18:32:34',0),('f9629c97afce9656ac335de5fdb5a66bbccfb0c3',7,'TASK_TEST_FILE','2018-11-29 16:33:46','2018-11-29 16:28:46',0),('huiwqfgduiegfdui',3,'TASK_TEST_FILE','2018-12-01 12:03:05','2018-11-29 07:17:39',1);
/*!40000 ALTER TABLE `token` ENABLE KEYS */;
UNLOCK TABLES;

--
-- Table structure for table `user`
--

DROP TABLE IF EXISTS `user`;
/*!40101 SET @saved_cs_client     = @@character_set_client */;
 SET character_set_client = utf8mb4 ;
CREATE TABLE `user` (
  `user_id` int(11) NOT NULL AUTO_INCREMENT,
  `prename` varchar(100) DEFAULT NULL,
  `surname` varchar(100) DEFAULT NULL,
  `email` varchar(100) DEFAULT NULL,
  `username` varchar(200) DEFAULT NULL,
  `role_id` int(11) DEFAULT NULL COMMENT 'it is his global role_id',
  PRIMARY KEY (`user_id`),
  KEY `user_role_role_id_fk` (`role_id`),
  CONSTRAINT `user_role_role_id_fk` FOREIGN KEY (`role_id`) REFERENCES `role` (`role_id`) ON DELETE CASCADE ON UPDATE CASCADE
) ENGINE=InnoDB AUTO_INCREMENT=102 DEFAULT CHARSET=utf8mb4 COLLATE=utf8mb4_0900_ai_ci;
/*!40101 SET character_set_client = @saved_cs_client */;

--
-- Dumping data for table `user`
--

LOCK TABLES `user` WRITE;
/*!40000 ALTER TABLE `user` DISABLE KEYS */;
INSERT INTO `user` VALUES (1,'Admin','Admin',NULL,'admin',1),(2,'TEST','super','test','hiwi',16),(53,'Deleted User','Deleted User','','bmnn57',16),(54,'prof','prof',NULL,'prof',16),(55,NULL,NULL,NULL,'moderator',2),(57,NULL,NULL,'war 57','blastudent',8),(58,NULL,NULL,NULL,'docent',8),(76,NULL,NULL,NULL,'test-user',16);
/*!40000 ALTER TABLE `user` ENABLE KEYS */;
UNLOCK TABLES;

--
-- Table structure for table `user_course`
--

DROP TABLE IF EXISTS `user_course`;
/*!40101 SET @saved_cs_client     = @@character_set_client */;
 SET character_set_client = utf8mb4 ;
CREATE TABLE `user_course` (
  `course_id` int(1) NOT NULL,
  `user_id` int(11) NOT NULL,
  `role_id` int(11) NOT NULL,
  PRIMARY KEY (`course_id`,`user_id`),
  KEY `user_has_courses_users_user_id_fk` (`user_id`),
  KEY `user_course_role_role_id_fk` (`role_id`),
  CONSTRAINT `user_course_course_course_id_fk` FOREIGN KEY (`course_id`) REFERENCES `course` (`course_id`) ON DELETE CASCADE ON UPDATE CASCADE,
  CONSTRAINT `user_course_role_role_id_fk` FOREIGN KEY (`role_id`) REFERENCES `role` (`role_id`) ON DELETE CASCADE ON UPDATE CASCADE,
  CONSTRAINT `user_has_courses_users_user_id_fk` FOREIGN KEY (`user_id`) REFERENCES `user` (`user_id`) ON DELETE CASCADE ON UPDATE CASCADE
) ENGINE=InnoDB DEFAULT CHARSET=utf8mb4 COLLATE=utf8mb4_0900_ai_ci;
/*!40101 SET character_set_client = @saved_cs_client */;

--
-- Dumping data for table `user_course`
--

LOCK TABLES `user_course` WRITE;
/*!40000 ALTER TABLE `user_course` DISABLE KEYS */;
INSERT INTO `user_course` VALUES (1,2,4),(1,53,4),(2,54,4),(4,53,4),(4,54,4),(6,54,4),(1,76,16),(2,53,16),(2,57,16),(2,76,16),(5,53,16),(6,53,16),(6,76,16),(7,53,16);
/*!40000 ALTER TABLE `user_course` ENABLE KEYS */;
UNLOCK TABLES;
/*!40103 SET TIME_ZONE=@OLD_TIME_ZONE */;

/*!40101 SET SQL_MODE=@OLD_SQL_MODE */;
/*!40014 SET FOREIGN_KEY_CHECKS=@OLD_FOREIGN_KEY_CHECKS */;
/*!40014 SET UNIQUE_CHECKS=@OLD_UNIQUE_CHECKS */;
/*!40101 SET CHARACTER_SET_CLIENT=@OLD_CHARACTER_SET_CLIENT */;
/*!40101 SET CHARACTER_SET_RESULTS=@OLD_CHARACTER_SET_RESULTS */;
/*!40101 SET COLLATION_CONNECTION=@OLD_COLLATION_CONNECTION */;
/*!40111 SET SQL_NOTES=@OLD_SQL_NOTES */;

-- Dump completed on 2018-12-17 20:05:30
